sentence,sense,kinds,music,form,language,aesthetics,instances,pos,modified_noun,dep_parse
ordinairement elles avaient une belle eau mais leur forme était presque toujours irrégulière et baroque .,form,form,-,forme,-,-,1756_wc,adjective,forme,- 
assurément cet argument est en baroco .,baroco,baroco,-,-,-,-,1712,-,-,-
mais mademoiselle un philosophe ne sait danser qu'en baroco .,baroco,baroco,-,-,-,-,1728ja,-,-,-
qui doivent donc faire des préceptes qui répondent à la clarté de ces principes et qui ne sont guerre d'un plus grand secours à l'entendement que les mots baroco bocardo ferison sont doux à l'oreille .,baroco,baroco,-,-,-,-,1737b,-,-,-
on n'a pas cru aussi devoir s'arrêter au dégoût de quelques personnes qui ont en horreur certains termes artificiels qu'on a formés pour retenir plus facilement les diverses manieres de raisonner comme si c'étoient des mots de magie et qui font souvent des railleries assez froides sur baroco et baralipton comme tenant du caractere de pedant .,baroco,baroco,-,-,-,-,1741e,-,-,-
ces baroco et baralipton qui rendent leurs suppôts ainsi crottés et enfumés ce n'est pas elle ils ne la connoissent que par oui-dire comme elle fait état de sereiner les tempêtes de l'ame et d'apprendre à rire la faim et les fievres non par épicyles imaginaires mais par raisons naturelles et probables .,baroco,baroco,-,-,-,-,1746f,-,-,-
un syllogisme en baroco a la majeur universelle affirmative et les deux autres propositions particulières négatives et par la propriété générale de la 2e figure son moyen terme est deux fois attribut .,baroco,baroco,-,-,-,-,1752e,-,-,-
l'on s'y étend sur des catégories des universaux des dégrés métaphysiques des syllogismes in baroco et l'on n'y dit qu'un mot de l'existence de la sagesse et de la providence d'un dieu .,baroco,baroco,-,-,-,-,1761xxxa,-,-,-
je vous avouerai tout uniment mgr que je n'ai pas voulu souscrire à toutes ces alternatives in baroco de peur d'acheter chat en poche .,baroco,baroco,-,-,-,-,1764c,-,-,-
me répondriez-vous bien monsieur le duc qu'en souscrivant à toutes ces alternatives in baroco je n'acheterai point chat en poche .,baroco,baroco,-,-,-,-,1764c,-,-,-
pendant des années entieres vous occupez de jeunes gens à l'étude des formes substantielles des à parte mentis et rei des secondes intentions des argumens in baroco in barbara in baralipton .,baroco,baroco,-,-,-,-,1764ra,-,-,-
il ne nous fait femme qu'en baroco .,baroco,baroco,-,-,-,-,1769_wd,-,-,-
le papa raisonne en baroco .,baroco,baroco,-,-,-,-,1769_wd,-,-,-
on n'aime plus guere qu'en baroco .,baroco,baroco,-,-,-,-,1769_wd,-,-,-
sans être un peu sage en baroco .,baroco,baroco,-,-,-,-,1769_wd,-,-,-
il y a bien de l'apparence que ce terme vient du baroco des logiciens .,baroco,baroco,-,-,-,-,1771_k,-,-,-
que dirait un turc transplanté dans nos ecoles si après dix ans d'étude son maître ne lui avait rempli la tête que de mots bizarres de forme substantielle d'arguments in baroco de syllogisme in baralipton .,baroco,baroco,-,-,-,-,1775za,-,-,-
si un homme passait pour avoir du mérite on commençait par proposer quelque argument in baroco très-souvent afin de juger si sa réputation étoit bien fondée .,baroco,baroco,-,-,-,-,1778_k,-,-,-
modes appartenans à cette figure deux généraux deux particuliers exprimés par ces mots cesare camestres festino baroco . ,baroco,baroco,-,-,-,-,1780o,-,-,-
mais si d'après ces autorités un philosophe à larges manches plus grand que vous de tout son bonet quarré vous prouvait ce point d'histoire par les règles d'aristote peut-être seriez-vous forcé ébloui de ses syllogismes in baroco de dire comme maître jacques  .,baroco,baroco,-,-,-,-,1783ka,-,-,-
les unes ont une lèvre épaisse avec une clavicule garnie de quelque tubercules tandis que les autres ont une lèvre mince avec une volute simplement baroque dépourvue de tubercules .,form,form,-,volute,-,-,1775,adjective,volute,amod
la caillou du rhin que l'on trouve aujourd'hui dans le lit de ce fleuve n'est autre chose qu'un canon de crystal de roche qui s'est détaché du rocher et qui à force de rouler parmi les autres pierres qui sont dans le rhin a usé les vives arrêtes de ses faces et est devenu par le laps du temps comme un cabochon d'une rondeur baroque .,form,form,-,rondeur,-,-,1762g,adjective,rondeur,amod
un perle d'orient forme en poire baroque doux un peu plombée d'un côté pesant vingt cinq grains ou six karats quatre seizes estimée deux cents livres .,form,form,-,poire,-,-,1791i,adjective,poire,amod
une grande huître extrêmement baroque et presque noire en dehors et en dedans .,form,form,-,huître,-,-,1736c,adjective,huître,amod
nous devons même voir la raison pour laquelle la larve fait souvent entrer dans la composition de son fourreau des pièces qui gâtent la symétrie des autres et qui lui donnent une forme désagréable et tout à fait baroque .,form,form,-,forme,-,-,1737d, 1738c, 1791b,adjective,forme,-
on détache cette nacre et on la travaille sur le tour pour lui donner la forme ronde ovale ou baroque ou la figure de poire suivant les perles qu'on veut imiter .,form,form,-,forme,-,-,1766e, 1767_wh, 1767g, 1773o,adjective,forme,-
cette vis est d'une forme peu régulière et même baroque composée de neuf ou dix spires couronnées en partie de tubercules aigus principalement vers le milieur de la coquille .,form,form,-,forme,-,-,1775b,adjective,forme,-
qui a une forme irrégulière baroque .,form,form,-,forme,-,-,1798_wj,adjective,forme,-
ses fruits sont de la grosseur d'un oeuf et quelque fois deux et trois fois plus gros d'une forme baroque garnis de pointes et de noeuds dans leur circonférence de couleur blanche en dedans et rougeâtre en dehors .,form,form,-,forme,-,-,1749_m,adjective,forme,amod
un madréporte fort singulier et plat de forme ronde d'un pied un pouce de diamètre et feuilles fort minces espèce de cerveaux marins astroïtes dont le dessous est d'une forme baroque où il y a une coquille d'une huître épineuse fond rouge et une petite datte .,form,form,-,forme,-,-,1756h,adjective,forme,amod
elles sont branchues et d'une forme baroque la plupart d'un blanc jaunâtre et quelques unes bleues en dedans et toues couvertes d'une écorce blanchâtre plus ou moins épaisse enclavées les unes dans les autres .,form,form,-,forme,-,-,1768xa,adjective,forme,amod
les graines sont plates de forme très baroque cendrées et ont un bon goût de pois .,form,form,-,forme,-,-,1767m,adjective,forme,amod
ses fruits son triangulaires bruns ridés de forme baroque d'un bon pouce de diamètre et d'environ deux pouces de longeur .,form,form,-,forme,-,-,1767,adjective,forme,amod
celles qui font effervescence aux acides sont crétacées communément de couleur ou grise ou bleuâtre et de forme baroque .,form,form,-,forme,-,-,1774q, 1775v, 1776e, 1780, 1791x,adjective,forme,amod
coquille univalve du genre des buccins à canal court et retoussé ainsi appellée à cause de sa forme baroque et de travers qui regne dans toutes ses parties .,form,form,-,forme,-,-,1775,adjective,forme,amod
coquille univalve du genre des buccins de l'espèce triangulaire ainsi appellée à cause de sa forme baroque .,form,form,-,forme,-,-,1775b,adjective,forme,amod
dans les bivalves sont l'huître commune qui se colle aux rochers et d'une forme si baroque qu'on ne peut l'ouvrir qu'à coups de marteau .,form,form,-,forme,-,-,1773y,adjective,forme,amod
ils sont arrondis obtus un peu aigus ou aplatis allongés ou de forme baroque .,form,form,-,forme,-,-,1775c,adjective,forme,amod
l'huître commune qui se colle aux rochers et d'une forme si baroque qu'on ne peut l'ouvrir qu'à coups de marteau .,form,form,-,forme,-,-,1773d,adjective,forme,amod
on aura autant de petit cailloux compacts bien propres et d'une forme baroque qu'on a de pessaires à couvrir et dont le poids doit excéder un peu celui de chaque morceau de liége .,form,form,-,forme,-,-,1770d,adjective,forme,amod
elles vont toujours en s'élévant de plus en plus et à l'endroit le plus élevé de la chaîne elle est coupée de vallées profondes bordé d'escarpemens dont il s'éleve des sommités de rochers singulièrement déchiquetés dont la forme baroque est occassionée par la décomposition du granit ou pierre de roche dont toutes ces montagnes et la majeure partie de celles de la daurie sont composées .,form,form,-,forme,-,-,1787y, 1791z,adjective,forme,amod
la grande moule bleue et celle appelée la tulipe et plusieurs petites moules striées de forme baroque .,form,form,-,forme,-,-,1780xd,adjective,forme,amod
une sardoine de forme baroque parsemée de petits yeux de sardonyx dont les zones sont d'un blanc mat et les prunelles marron .,form,form,-,forme,-,-,1780_ba,adjective,forme,amod
la forme que plusieurs de ces teignes donnent à leur fourreau est tout-à-fait baroque dit m de réaumur .,form,form,-,forme,-,-,1759_wh,adjective,forme,nsubj
cette espèce dont la figure est singulière et extrêmement baroque représente assez bien un t dans sa forme pliée  peut avoir jusqu'à plus de cinq pouces de longueur .,form,form,-,figure,-,-,1775,adjective,figure,-
la coquille des pourpres a tantôt dans son ensemble une forme triangulaire tantôt une figure arrondie ou baroque .,form,form,-,figure,-,-,1775c,adjective,figure,-
sa bouche est extrêmement étroite et d'une figure baroque .,form,form,-,figure,-,-,1736c,adjective,figure,amod
cette petite espèce est d'une figure baroque principalement dans ses spires qui sont compliquées de diverses cavités et sinuosités .,form,form,-,figure,-,-,1775c,adjective,figure,amod
la figure de ce limaçon conique ou sabot est baroque par ses spires rentrantes et comme martelées .,form,form,-,figure,-,-,1775,adjective,figure,nsubj
les côtes malouines sont de roc dur baroque .,form,-,-,-,-,-,1791u,adjective,roc,amod
et l'enroué ne chantera t il ses louanges que d'une voix discordante et baroque .,other,music,voix,-,-,-,1767yu, 1786xa, 1794c, 1794rt,adjective,voix,-
c'est à toi seul que je la dois brutal durpetri dont la voix baroque et barbare a servi d'organe à la nature .,other,music,voix,-,-,-,1765xxc, 1774sj, 1776sj, 1782ks,adjective,voix,amod
le croirais tu imirce que cette bête malgré son ineptie et sa voix baroque ait la fureur de censurer la voix harmonieuse des cygnes et le chante délicat des jeunes oiseaux .,other,music,voix,-,-,-,1765xxc, 1774sj, 1776sj, 1782ks,adjective,voix,amod
quand ils furent arrivés à terre les matelots dont chacun était soutenu par deux sauvages furent conduits par un chemin étroit d'environ un quart de mille de longeur à leurs huttes où leur arrivé fut célébré au son d'un instrument très discordant qui n'était composé que de deux bâtons dentelés et acompagné d'une voix encore plus baroque et plus barbare .,other,music,voix,-,-,-,1766b,adjective,voix,amod
une musique légère et baroque élève l'âme jusqu'aux cieux par une sainte gigue .,other,music,musique,-,-,-,1742ig, 1742sk, 1749cca, 1753_ac, 1754cca, 1758a, 1761ccb,adjective,musique,-
en allant le goût italian au nôtre nous rendrions notre musique dure baroque et presque inchantable .,other,music,musique,-,-,-,1753_al, 1754k, 1754l,adjective,musique,-
loin de nous toute musique efféminée baroque bruyante ou qui ne peint rien .,other,music,musique,-,-,-,1771_m, 1774_m, 1774m, 1776xa, 1777s, 1791_l, 1793_m, 1798l,adjective,musique,-
penser cependant d'une musique qui à nos yeux doit être baroque sans mélodie et sans harmonie et qui cependant parle au coeur des naturels du pays .,other,music,musique,-,-,-,1780b,adjective,musique,-
la musique dure et baroque n'est telle que parce que les sons ne sont point fondus .,other,music,musique,-,-,-,1797_ak,adjective,musique,-
on accusait sa musique de n'être que difficilee et baroque .,other,music,musique,-,-,-,1790j,adjective,musique,-
ainsi puisse prospérer la musique baroque dans le profane  puisqu'elle n'y est ni plus significative ni plus scandaleuse qu'une grêle de coups qu'on ferait tomber sur un coffre .,other,music,musique,-,-,-,1746tt, 1747_n, 1747, 1752, 1755, 1763, 1770a, 1771ui,adjective,musique,amod
c'est le travers dans lequel donne la musique baroque .,other,music,musique,-,-,-,1746tt, 1747_n, 1747, 1752, 1755, 1763, 1770a, 1771ui,adjective,musique,amod
il donne avec beaucoup de raison pour département à la musique baroque les spectacles et les concerts où elle ne peut être ni plus significative ni plus scandaleuse qu'une grêle de coups qu'on ferait tomber sur un coffre .,other,music,musique,-,-,-,1748i,adjective,musique,amod
il donne pour département de la musique baroque les théâtres et concerts pour n'y amuse que par du bruit sans s'embarrasser de rien exprimer .,other,music,musique,-,-,-,1748i,adjective,musique,amod
l'intention des assemblées chrétiennes et les sujets qui s'y chantent sont incompatibles soit avec les boutades soit avec la précipitation de la musique baroque .,other,music,musique,-,-,-,1746tt, 1747_n, 1747, 1752, 1755, 1763, 1770a, 1771ui,adjective,musique,amod
la musique baroque restera en possession des spectacles et des concerts publics où la musique chantante causait autrefois des maux infinis .,other,music,musique,-,-,-,1746tt, 1747_n, 1747, 1752, 1755, 1763, 1770a, 1771ui,adjective,musique,amod
leur disait-elle nous nous acommoderons je ménagerai une transactions entre la musique baroque et la musique .,other,music,musique,-,-,-,1747a,adjective,musique,amod
mais quel avantage pourra-t-on tirer de la musique baroque .,other,music,musique,-,-,-,1746tt, 1747_n, 1747, 1752, 1755, 1763, 1770a, 1771ui,adjective,musique,amod
notre auteur appelle cette musique baroque il donne à l'autre le nom de chantante .,other,music,musique,-,-,-,1748i,adjective,musique,amod
nous la nommerons la musique baroque .,other,music,musique,-,-,-,1746tt, 1747_n, 1747, 1752, 1755, 1763, 1770a, 1771ui,adjective,musique,amod
par exemple il pourra comme l'a déjà fait un musicien parfaitement convaincu du vrai usage de la musique baroque .,other,music,musique,-,-,-,1746tt, 1747_n, 1747, 1752, 1755, 1763, 1770a, 1771ui,adjective,musique,amod
pour faciliter à l'amiable les progrès de la musique baroque et pour décréditer ou ruiner dans les familles le dangereux goût des chants du siècle passé il sera permis aux villes les plus médiocrement riches de se donner à grands frais un opéra ou du moins un concert public où les honnêtes fainéants du pays puissent avoir à discrétion des sonnates qui ne significen rien et de l'italien qu'ils n'entendent point ou du français qui se convertit pour eux en arabe par les cascades et par les hoquèts de la prononciation .,other,music,musique,-,-,-,1746tt, 1747_n, 1747, 1752, 1755, 1763, 1770a, 1771ui,adjective,musique,amod
de baroque musique faites un choix fabriquez moi un opéra car tel qu'il sera on l'applaudira .,other,music,musique,-,-,-,1756k, 1767ls,adjective,musique,amod
l'auteur parcoure les divers ridicules qu'il croit devait reprendre dans le goût moderne et il s'élève ainsi contre la musique baroque .,other,music,musique,-,-,-,1753r,adjective,musique,amod
une musique baroque est celle dont l'harmonie est confuse chargée de modulations et de dissonances le chant dur et peu naturel l'intonation difficilee et le mouvement contraint .,other,music,musique,-,-,-,1766q, 1768l, 1769i, 1771_k, 1781ca, 1782d, 1785t, 1791a, 1793a, 1796,adjective,musique,amod
il fait ensuite une division de la musique en musique chantante et musique baroque .,other,music,musique,-,-,-,1775_wp,adjective,musique,amod
ils ne peuvent manquer de plaire à ceux qui préférent aux difficultés d'une musique baroque un chant agréable varie et semé de traits neufs .,other,music,musique,-,-,-,1770xe,adjective,musique,amod
le poème est si mauvais que les acteurs même n'y peuvent déployer aucun jeu et la musique si baroque que le chanteur n'y trouve rien à exprimer .,other,music,musique,-,-,-,1777q, 1780x, 1784x,adjective,musique,amod
on s'est lassé de se promener en long et en large ou plutôt d'être coudoyé en tout sens dans un salon et sous des galeries mal peintes au son d'une musique baroque .,other,music,musique,-,-,-,1771_r, 1775_n, 1776b, 1780_r, 1782_r,adjective,musique,amod
si cela est comme on n'en peut pas douter ne soyons point étonnés de la musique baroque dont on nous écorche aujourd'hui les oreilles .,other,music,musique,-,-,-,1772,adjective,musique,amod
on entendait quelques pétards puis on se promenait dans une vaste solitude sous des galeries mal peintes au son d'une musique baroque .,other,music,musique,-,-,-,1783xm,adjective,musique,amod
on trouva sa musique baroque et barbare .,other,music,musique,-,-,-,1780b, 1780xb,adjective,musique,amod
retournez chez vos compatriotes et leur faites entendre votre musique baroque qui n'a ni sens ni raison .,other,music,musique,-,-,-,1789xq, 1797_aj,adjective,musique,amod
on nous donne quelque menuet baroque .,other,music,menuet,-,-,-,1783bba, 1785_l, 1785jk,adjective,menuet,amod
les personnes trop peu exercées pour saisir cette mélodie disent qu'elle est baroque .,other,music,mélodie,-,-,-,1764j, 1765c,adjective,mélodie,-
jamais il n'est permis de la rendre dure et baroque .,other,music,mélodie,-,-,-,1789xq, 1790w, 1790x, 1797_aj,adjective,mélodie,-
au milieu de cette foule de grands hommes qui croirait que la nobile direzzione de milan se sait adressée à un allemand à un barbare au chevalier gluck enfin qui selon plusieurs connaisseurs de café n'a ni chant ni mélodie n'a qu'une harmonie baroque et criarde un style tudesque usé raboteux qui n'a aucune réputation en italie et n'y a eu aucun succès .,other,music,harmonie,-,-,-,1777ca, 1778xxb,adjective,harmonie,amod
n'a qu'une harmonie baroque et criarde un style tudesque usé raboteux qui n'a aucune réputation en italie et n'y a eu aucun succès .,other,music,harmonie,-,-,-,1781g,adjective,harmonie,amod
votre rameau il est sec il est sauvage il n'a jamais su arranger un partition il n'a jamais de chant son harmonie est si baroque si revêche .,other,music,harmonie,-,-,-,1774u, 1774v,adjective,harmonie,nsubj
les seconds que cela choque disent que gluck est baroque .,other,music,Gluck,-,-,-,1780_wa, 1781v, 1785bm,adjective,Gluck,nsubj
c'est titre le plus singulier le plus baroque le plus étrange enfin qui soit peut-être parmi toutes les pièces connues .,other,language,-,-,titre,-,1790c, 1792,adjective,titre,-
pour étendre les leurs sur un acte équivoque ou sur un vieux titre baroque dont le chiffre effacé rend le temps incertain je pense toutefois qu'il vaut mieux se deffendre .,other,language,-,-,titre,-,1750q, 1759o,adjective,titre,amod
pour étendre les leurs sur un acte équivoque ou sur un vieux titre baroque dont le chifre effacé rend le temps incertain .,other,language,-,-,titre,-,1746xx,adjective,titre,amod
où avez vous pris le titre baroque que vous donnez au public dans l'épître dédicatoire que vous lui adressez .,other,language,-,-,titre,-,1761xxb, 1769a,adjective,titre,amod
a ce titre baroque et factice on reconnait aisément l'auteur de la brochure ce protée littéraire qui depuis quelques années prend toutes sortes de formes non pas pour tromper ses semblables comme celui de la fable mais pour les éclairer et les intruire .,other,language,-,-,titre,-,1768ma, 1777b, 1780u, 1784w,adjective,titre,amod
il paraît un nouveau livre sous le titre baroque de l'an deux mille quatre cent quarante rêve s'il en fût jamais avec cette épigraphe .,other,language,-,-,titre,-,1777q, 1780d, 1784xb,adjective,titre,amod
on en lisait et l'on en peut lire encore la plus grande partie dans les ouvrages d'arnaud principalement dans l'écrit donné sous le titre baroque de pentalogus diaphoricus .,other,language,-,-,titre,-,1790_k, 1791xg,adjective,titre,amod
le titre en est très baroque et très long .,other,language,-,-,titre,-,1786v,adjective,titre,nsubj
et ce boileau tant vanté n'était qu'un rimeur baroque quand il a dit .,other,language,-,-,rimeur,-,1778x, CHECK,adjective,rimeur,amod
il n'y a pas de plus grand défaut que celui là si ce n'est peut être celui d'un poète baroque qui prend une bizarrerie grotesque pour l'originalité une trivialité bouffonne pour de la gaieté naïve et qui estropiant sans cesse la langue et disloquant la poesie choque à la fois le plus rudement du monde le bon goût le bons sens et l'oreille .,other,language,-,-,poète,-,1782_b, 1782xs,adjective,poète,amod
elle m'a dit que je les trouverais en demandant le nom d'une autre de leurs filles  puisqu'elle doit être l'unique dans le royaume qui porte un nom si baroque .,other,language,-,-,nom,-,1743f, 1744_a, 1750_q, 1775_a, 1781a, 1782a, 1797,adjective,nom,amod
le moindre plat c'est lui qui l'intitule d'un nom baroque et très mal assorti .,other,language,-,-,nom,-,1750p, 1760_f, 1760_h, 1760_n, 1760_p, 1760m, 1764p, 1789_f, 1790_f, 1790ccc,adjective,nom,amod
christine trouvant son nom baroque le nomma struzzo .,other,language,-,-,nom,-,1760l,adjective,nom,amod
le mot allemand est erd-apfel ou erd oepfel ce qui a produit le nom baroque de artoffel .,other,language,-,-,nom,-,1777cca, 1777jjb, 1778ea, 1779_e, 1779_wf, 1781ja,adjective,nom,amod
c'est un nom si baroque .,other,language,-,-,nom,-,1781f, 1783fh, 1787ya, 1788_q, 1793gx,adjective,nom,amod
ce nom baroque passait ci-devant pour désigner une espèce de terre calcaire très fine .,other,language,-,-,nom,-,1785xa,adjective,nom,amod
nom baroque qu'on donne en logique à un syllogisme dont la majeure doit être universelle affirmative la mineure universelle négative et la conclusion particulière négative .,other,language,-,-,nom,-,1788c,adjective,nom,amod
un milord au nom baroque à l'esprit aimable m'a rendu une lettre de votre part .,other,language,-,-,nom,-,1788xe, 1789ccb, 1789xs,adjective,nom,amod
ceux qui l'ont fait ont imaginé un nom baroque pour cacher celui du véritable auteur et ils le supposent écrit à rome .,other,language,-,-,nom,-,1798h,adjective,nom,amod
le nouveau couple commence sa carrière à la sortie de la cage prend maison et un nom qui étant composé des deux moitiés des familles respectives est toujours baroque va à la cour où il est fort fêté brigue des emplois et obtient tout ce qu'il désire parce que ceux qui briguent pour lui sont les maisons d'où il sort .,other,language,-,-,nom,-,1788xxxa,adjective,nom,nsubj
voilà un mot bien baroque .,other,language,-,-,mot,-,1724xxa, 1726a,adjective,mot,amod
le titre seul du coup d'oeil purin fort étendu en donne l'explication et sert comme de commentaire à ce mot baroque .,other,language,-,-,mot,-,1777, 1780a, 1784y, 1785q,adjective,mot,amod
mais un mot baroque qu'ils répètent si souvent a enfin forcé mon attention .,other,language,-,-,mot,-,1786g,adjective,mot,amod
un enfant qui sait ce mot baroque est fort instruit pour la société .,other,language,-,-,mot,-,1788c,adjective,mot,amod
elle vit que les habitans étaient dans des contestations perpétuelles un même esprit d'une chicanne peu différente les animait dans leurs querelles et un langage également baroque servait à les exprimer celles du païs ou l'on entrait en mauvais latin et celles du climat que l'on quittait en un jargon qui tenait de l'ancien roman qui n'était ni français ni latin .,other,language,-,-,langage,-,1741,adjective,langage,amod
ensuite ronsard avec son même langage baroque décrit comment la sience poétique passa de l'orient en occident et parvint en angleterre .,other,language,-,-,langage,-,1753y,adjective,langage,amod
envoyez moi donc je vous prie l'énumération de vos infirmités et de vos misères en termes barbares et en langage baroque et cela avec toute l'exactitude possible .,other,language,-,-,langage,-,1784rt, 1785c, 1788a, 1789_e, 1789cca, 1789xr, 1790ccc, 1792ccb, 1796xxxa,adjective,langage,amod
la philosophie du dogme et des controverses y introduit un langage baroque et néologue qui acheva leur ruine .,other,language,-,-,langage,-,1780xi,adjective,langage,amod
leur langage baroque effarouche les graces et fait fuir les amours qui volaient sur leurs traces .,other,language,-,-,langage,-,1786xf, 1786xg,adjective,langage,amod
en un mot c'est un langage si baroque si étrangement néologique qu'on peut assurer qu'un étranger qui saurait parfaitement notre langue et qui lirait couramment nos classiques ne pourrait pas lire un e page de m deleyre sans être arrêté à tout moment et sans demander si l'auteur a parlé français et ce qu'il a voulu dire .,other,language,-,-,langage,-,1792w,adjective,langage,amod
je vous dirai mon cher ami que je m'exprime plus aisément maintenant dans ce langage baroque et musical que je n'ai jamais fait en français .,other,language,-,-,langage,-,1797w,adjective,langage,amod
figaro se pique d'être grammairien quoique son langage soit souvent baroque et qu'en se servant de termes didactiques il les estropie par fois je le lui pardonne .,other,language,-,-,langage,-,1799a,adjective,langage,nsubj
d'imbéciles fainéants et fainéantes qui végetent dans les villes et qui comme les perroquets ne savent que proférer des mots vuides de sens et d'idées se craient beaucoup d'esprit quand ils tournent en ridicule d'honnêtes et de sages agriculteurs qui ne comprenant rien à leur jargon baroque et d'amusant pour l'instant de leur folle étourderie les méprisent en les plaignant .,other,language,-,-,jargon,-,1777a,adjective,jargon,amod
non seulement on est fatigué au bout de trois pages de leur tournure bizarre et de leur jargon baroque mais ce qu'il y a de pis c'est qu'on y trouve très peu d'esprit et pas une idée sur l'art .,other,language,-,-,jargon,-,1776xn,adjective,jargon,amod
non seulement on est fatigué au bout de trois pages de leur tournure bizarre et de leur jargon baroque .,other,language,-,-,jargon,-,1778jja,adjective,jargon,amod
je lui fis la révérence et lui dis que j'étais fort sa servante et qu'il fallait aller chez mon maître sur quoi conversation m'a poursuivie en un jargon baroque jusqu'à ce qu'il me perdit de vue .,other,language,-,-,jargon,-,1788b, 1788jja, 1789_ac, 1789io, 1790ccd,adjective,jargon,amod
ce qui a paru de lui dans le public se réduit à des odes au-dessous de médiocre à une saytre sur le goût dont les principes sont assez judicieux et al versification heureuses par intervalles à un poème intitulé mon odyssée qu'on croirait avoir été fait pour des lecteurs tudesques tant le style en est dur et baroque tant les rimes en sont bizarres .,other,aesthetics,-,-,-,style,1763xxa, 1772_r, 1773j, 1774_r, 1775i, 1778_h, 1778_r, 1779oi, 1781_r -- SEEMS SAME AS 1773 (CHECK),adjective,style,-
cette traduction semble inexacte d'un style dur et baroque rompu .,other,aesthetics,-,-,-,style,1770u,adjective,style,-
principes sont assez judicieux et al versification heureuses par intervalles à un poème intitulé mon odyssée qu'on croirait avoir été fait pour des lecteurs tudesques tant le style en est dur et baroque et tant les rimes en sont bizarres .,other,aesthetics,-,-,-,style,1773,adjective,style,-
écrites d'un style welche et baroque elles présentent des idées louches souvent inintelligibles .,other,aesthetics,-,-,-,style,1782xd, 1783wa, 1792l, 1793_bd,adjective,style,-
si ce style bizarre et baroque engage d'un côte par sa singularité à rechercher l'ouvrage et le fait vendre plus cher .,other,aesthetics,-,-,-,style,1782i,adjective,style,-
quelques fabriques d'un style arbitraire et baroque qu'on trouve dans les peintures d'herculanum qui peut être ont été exécutés à cette époque ou bien peu de temps après attestent la dépravation du goût .,other,aesthetics,-,-,-,style,1793d,adjective,style,-
naïveté suit ce style baroque .,other,aesthetics,-,-,-,style,1742_k, 1751l, 1752u, 1754o, 1755t,adjective,style,amod
ils faisaient plus de cas du style baroque des douze tables que de l'élégance du beau siècle d'auguste .,other,aesthetics,-,-,-,style,1752b, 1771y,adjective,style,amod
ils regardent seulement l'apocalypse de saint jean qu'ils appellent dans leur style baroque la vision de jean abukalamse comme ajoutée au canon .,other,aesthetics,-,-,-,style,1765n, 1784sj,adjective,style,amod
mais elles sont écrites d'un style baroque capable d'effrayer le lecteur le plus intrépide et d'une dureté sans exemple depuis chapelain .,other,aesthetics,-,-,-,style,1776xb,adjective,style,amod
il faut remarquer que les définitions dans cet ouvrage sont en général très claires et bien éloignées du style baroque et entortillé des jurisconsultes .,other,aesthetics,-,-,-,style,1797g,adjective,style,amod
je sais qu'à force de peine et de travail on peut se faire à toutes ces bizarreries et se familiariser encore avec ce style baroque après s'être familiarisé avec les irrégularités affectées à la langue .,other,aesthetics,-,-,-,style,1787c,adjective,style,amod
il voulait dans son style baroque donner des entorses et du louche à mes réponses .,other,aesthetics,-,-,-,style,1791e,adjective,style,amod
je sais qu'à force de peine et de travail on peut se faire à toutes ces bizarreries et s'apprivoiser encore avec ce style baroque après s'être familiarisé avec les irrégularités affectées à la langue .,other,aesthetics,-,-,-,style,1797m,adjective,style,amod
son style baroque répondait à la bizarrerie et au déréglement de son esprit .,other,aesthetics,-,-,-,style,1791xi,adjective,style,amod
ce style est assurément plus baroque que les figures de l'hermite et des capucins dont il parle en crocheteur et sans aucun ménagement .,other,aesthetics,-,-,-,style,1740c,adjective,style,nsubj
enfin le style en est tout-à-fait baroque voice un des canons .,other,aesthetics,-,-,-,style,1751e,adjective,style,nsubj
et voilà par quelle adresse ils vous rapportent en france à peu près le même goût qu'ils y avaient pris trop souvent maniéré spirituel chargé ou baroque en un mot éloigné de la simple grande saine et vraiment belle nature dont si rarement les italiens se sont écartés .,other,aesthetics,-,-,-,goût,1755ty, 1756_q, 1761oi,adjective,goût,-
de sorte qu'en copiant les tragédies angloises ils ont conservé à peu près le même goût timide contourné baroque en un mot éloigné de la simple grande saine et vraiment belle nature .,other,aesthetics,-,-,-,goût,1763g,adjective,goût,-
ce fut lui qui porta à son plus haut degré la perfection de l'art chez les anciens qui depuis ce temps tomba dans un goût mesquin baroque et bizarre .,other,aesthetics,-,-,-,goût,1781_k, 1784d,adjective,goût,-
cette partie était réservée au grand appelle qui fleurit dans la cent douzième olympiade et qui porta par-là à son plus haut degré la perfection de l'art chez les anciens qui depuis cette époque tomba dans un goût mesquin baroque et bizarre .,other,aesthetics,-,-,-,goût,1786o,adjective,goût,-
ce livre est à proprement parler une critique des femmes mais dans un goût baroque et qui sent la misère et la pauvreté de son temps .,other,aesthetics,-,-,-,goût,1753x,adjective,goût,amod
la composition est dans un goût baroque pour dire qu'elle n'est pas dans le bon goût .,other,aesthetics,-,-,-,goût,1756f, 1757b, 1781_d,adjective,goût,amod
ceux qui trouveront ces vers sur l'ingratitude trop graves pour figurer dans une babiole sont priés de considérer que la bigarrure constituë l'essentiel dans le goût baroque d'un receuil à la moderne .,other,aesthetics,-,-,-,goût,1763g,adjective,goût,amod
des belles à paris et il y en a de plus de toits cent que je pourrais compter et saulër déclarent hautement que ce goût baroque peut être suisse nullement français et par conséquent contre nature .,other,aesthetics,-,-,-,goût,1764g,adjective,goût,amod
il paraît même que cette méthode se pratique dans quelques églises où l'on substituë par un goût baroque et male entendu plusieurs colifichets entassés les uns sur les autres aux plus excellents morceaux de nos grand maîtres qui ont pris tant de soins à nous représenter avec force et élégance les plus saints mystères de notre reglion .,other,aesthetics,-,-,-,goût,1763o,adjective,goût,amod
l'étude assidue que le sieur caffieri a faite en italie des bonnes formes de l'antique donne lieu d'espérer que l'on verra reparoître dans les six chandeliers et la croix qu'il fait actuellement le vrai goût des ornements auquel avoit succédé en dépit de la nature un goût baroque dont les productions irrégulières ne resemblent à rien .,other,aesthetics,-,-,-,goût,1760a,adjective,goût,amod
nous remarquerons en deux mots au sujet de ce dernier article que le goût baroque qui y a été poussé jusqu'à l'excès est la honte de l'art que le plus pitoyable dessinateur peut y exceller .,other,aesthetics,-,-,-,goût,1767j, 1768r,adjective,goût,amod
on dit en termes de peinture qu'une figure un tableau sont dans le goût baroque .,other,aesthetics,-,-,-,goût,1768h,adjective,goût,amod
on ne dira pas un baroque goût mais un goût baroque .,other,aesthetics,-,-,-,goût,1768h,adjective,goût,amod
on y retrouve toujours le goût baroque du p guarini .,other,aesthetics,-,-,-,goût,1769_s, 1769w,adjective,goût,amod
petersbourg seraient ils tous sur le même ton également d'un goût baroque tandis que le dieu du goût musical n'aurait d'autre autel que le théâtre de l'opera français .,other,aesthetics,-,-,-,goût,1764g,adjective,goût,amod
s'il est quelques esprits froids quequels âmes paresseuses qui tiennent encore au goût baroque des nos pères et qui veuillent à toute force rire à la comédie qu'ils écoutent ces barbares ce que leur adresse l'auteur du roué vertueux .,other,aesthetics,-,-,-,goût,1769u,adjective,goût,amod
mais ce goût baroque ne dura guère .,other,aesthetics,-,-,-,goût,1770q,adjective,goût,amod
mais le tout est construit ou fait dans le goût le plus baroque .,other,aesthetics,-,-,-,goût,1776j,adjective,goût,amod
à manille ce beau métal ne sert qu'au luxe les habitans en chargent leurs habits et leurs carrosses dans un goût tout-à-fait baroque et comique .,other,aesthetics,-,-,-,goût,1781t,adjective,goût,amod
elle est d'un goût baroque .,other,aesthetics,-,-,-,goût,1788_bc,adjective,goût,amod
en vérité c'est un goût bien baroque .,other,aesthetics,-,-,-,goût,1784xd,adjective,goût,amod
il santa ou saint antoine de padoue est une très vieille église à six coupoles d'un goût tout aussi baroque que celle de saint marc à venise à laquelle on la compare .,other,aesthetics,-,-,-,goût,1780h,adjective,goût,amod
j'avais satisfait le goût baroque de mes compatriotes dont je recevais les compliments en riant et je mourais d'envie de hâter la réforme jusqu'au bout .,other,aesthetics,-,-,-,goût,1787d,adjective,goût,amod
juste aurele meissonnier architecte et décorateur dans le goût baroque d'après lui même .,other,aesthetics,-,-,-,goût,1787q,adjective,goût,amod
on a donné à cette espèce de travail le nom de goût baroque .,other,aesthetics,-,-,-,goût,1786ck,adjective,goût,amod
on en est enfin venu à ce point de corruption qu'on a pratiqué sur les façades des édifices de ces ornements fantasques de ces enroulements du goût baroque que les gravures françaises et allemandes ont cherché à perpétuer .,other,aesthetics,-,-,-,goût,1781e, 1789b,adjective,goût,amod
pour françois de cuvilliés il a publié des ornements d'architecture dans le goût baroque et il n'a pas peu contribué par ses gravures à répandre de toutes parts ce mauvais goût surtout en allemagne .,other,aesthetics,-,-,-,goût,1787q,adjective,goût,amod
sept pièces de fantaisie dans le goût baroque gravées par lespilliez .,other,aesthetics,-,-,-,goût,1787q,adjective,goût,amod
ce goût baroque est d'autant plus difficilee à concevoir que l'usage de la préparation en question n'est pas sans danger .,other,aesthetics,-,-,-,goût,1791xh,adjective,goût,amod
ces deux pièces sont composées dans le goût baroque .,other,aesthetics,-,-,-,goût,1794f,adjective,goût,amod
en vérité disait-elle je ne te conçais pas si décidément tu as pris un goût si baroque pourquoi s'adresser à moi .,other,aesthetics,-,-,-,goût,1799f,adjective,goût,amod
entre ces interstices remplies de figures et sur la bor dure de ces tableaux on a pratiqué des ornements singuliers d'un goût très baroque .,other,aesthetics,-,-,-,goût,1793d,adjective,goût,amod
j'aime mieux sans faire dédit a votre goût baroque si j'excite votre appétit .,other,aesthetics,-,-,-,goût,1793_wd,adjective,goût,amod
ornements d'architecture dans le goût baroque .,other,aesthetics,-,-,-,goût,1797b,adjective,goût,amod
point il y est accusé d'un goût extrêmement baroque et ne peut y retourner .,other,aesthetics,-,-,-,goût,1797c,adjective,goût,amod
si quelques uns de nos voyageurs avaient rencontré cette jolie créature dans l'une des deux indes une telle bigarrure de tels ornements eussent paru dignes de figurer parmis les raretés de nos curieux d'europe et les érudits auraient longuement disserté sur le goût baroque des ces peuple incivilisés .,other,aesthetics,-,-,-,goût,1794h, 1799r,adjective,goût,amod
entre ces séparations remplies des figures et sur la bor dure de ces tableaux on a pratiqué des formes et des ornements d'un goût très baroque .,other,aesthetics,-,-,-,goût,1788z, 1792j,adjective,goût,nsubj
huit sujets de danse joueur d'instrument genre baroque peint en mignature d'un beau faire .,other,aesthetics,-,-,-,genre,1778_wo,adjective,genre,amod
quelques artistes se sont élevés contre ce genre baroque mais la multitude ignorante a conservé ses préjugés et suivi le torrent .,other,aesthetics,-,-,-,genre,1774_s, 1774_wa, 1787t,adjective,genre,amod
le duc de caravita a fait exécuter en pierres les ornements les plus absurdes du genre baroque dans un jardin situé à côté du château royal .,other,aesthetics,-,-,-,genre,1781e, 1789b,adjective,genre,amod
les lettres n'étant faites que pour l'amusement des peuples ce genre baroque y contribuait tout aussi bien que les genres à prétention .,other,aesthetics,-,-,-,genre,1786,adjective,genre,amod
il est vrai qu'il a l'accent un peu baroque aussi bien que nous .,other,-,-,-,-,-,1749d, 1784a, 1789_wa,adjective,accent,amod
leur accoutrement est aussi baroque que celui des autres nations sauvages .,other,-,-,-,-,-,1794_bd,adjective,accoutrement,nsubj
l'on dira de l'adjectif arke-kayé ce qu'on aura déjà dit d'arki-kaye c'est à dire qu'il est dur et baroque .,other,-,-,-,-,-,1788f,adjective,adjectif ,-
mais ces airs peuvent aussi n'avoir de sens que par le souvenir des paroles comme dans l'autre exemple où l'air insignificant et baroque ne fait que déplaire à l'oreille s'il on ne se rappelle pas que dans une situation semblable on a entendu sur ce même air la mère dire à sa fille .,other,-,-,-,-,-,1791a,adjective,air,-
on appelle un homme de goût un homme qui sait les vaudevilles du temps et qui les a de la première main qui fait quelquefois une parodie sur un air baroque que la protection d'une femme a mis à la mode .,other,-,-,-,-,-,1746b, 1748ka, 1755xxb, 1757d, 1759k, 1763_a, 1769_a,adjective,air,amod
après quoi un chanteur aussi du premier ordre nous heurla avec des nazonnemens insupportables l'air le plus mélancoliquement baroque qu'il soit possible d'entendre .,other,-,-,-,-,-,1750_p, 1753l,adjective,air,amod
on s'embarrasse très peu que le pièce soit bonne ou mauvaise pourvû qu'en sortant du spectacle et en pirouettant sur un talon rouge on puisse frédonner quelques mesures d'un air bien baroque qui n'ait pas la moindre analogie avec les paroles .,other,-,-,-,-,-,1768b,adjective,air,amod
il chante l'air le plus baroque et le plus ancien .,other,-,-,-,-,-,1786e, 1788ic,adjective,air,amod
amas baroque et cahos éblouissant d'esprit et de pointes .,other,-,-,-,-,-,1736_bc, 1752o,adjective,amas,amod
après cet argument baroque chacun opine de la toque .,other,-,-,-,-,-,1746e, 1752n, 1756za, 1765l, 1771n, 1774za, 1775t, 1783x, 1783za,adjective,argument,amod
ces trois termes font un argument baroque auquel un sauvage n'est pas en plus état de résister qu'un huguenot .,other,-,-,-,-,-,1740oi,adjective,argument,amod
adieu m le démonstrateur avec votre démonstration je vous jure que si vous avez voulu me démonstrer la confusion de vos idées et le néant de votre système vous avez parfaitement réussi dans votre argument baroque que vous venez afficher ici pour une démonstration .,other,-,-,-,-,-,1752s,adjective,argument,amod
lorsque je voyais que le sommeil allait rallentir leur feu je poussais de mon palanquin un argument aussi baroque que leurs faces .,other,-,-,-,-,-,1771d,adjective,argument,amod
mais quel arrangement baroque dans ces expressions .,other,-,-,-,-,-,1774o,adjective,arrangement,amod
cet arrangement baroque fut accepté .,other,-,-,-,-,-,1789l,adjective,arrangement,amod
ne vois tu pas qu'on se moque et que ton aspect baroque n'offre plus rien qui ne choque richelieu fuis enfin .,other,-,-,-,-,-,1775a, 1776, 1776a, 1778mb,adjective,aspect,amod
le tout forme un assemblage monstrueux et baroque d'une mauvais style d'un mauvais effet et qui ne répond nullement à l'idée de ces superbes tombeaux dont les argigentins se plaisaient à embellir leur ville .,other,-,-,-,-,-,1785ls,adjective,assemblage,-
pour former de mes traits le baroque assemblage le pinceau le plus sur n'aurait fait que blanchir .,other,-,-,-,-,-,1750o,adjective,assemblage,amod
je défie qu'on imagine un assemblage plus baroque .,other,-,-,-,-,-,1774e,adjective,assemblage,amod
la maison du gouverneur est un assemblage baroque d'édifices bâtis les uns après les autres et de divers ordres d'architecture .,other,-,-,-,-,-,1779b,adjective,assemblage,amod
de ses rêves dit-on l'assemblage baroque n'attaque rien de grave une ville une époque un type de médaille un vers grec ou latin .,other,-,-,-,-,-,1784o,adjective,assemblage,amod
au surplus une ortographe ridicule et une composition bizarre forment tout ce qu'il y a de remarquable dans cet ouvrage où comme dans les autres productions de m de la bretonne l'auteur n'a été que baroque en se persuadant qu'il était original .,other,-,-,-,-,-,1784b, 1788bn, 1789_a,adjective,auteur,nsubj
deux magnifiques plats profonds à bords bruns contournés en dedans un compartiment ovale où l'on voit au pied d'une montagne en cascade sur une eau agitée un vaisseau japonois avec figures du reste de très belles perspectives en paysages arbres et fleurs le bord baroque et étoffé en dehors à noeuds légers le tout d'une couleur vive supérieurement dessiné et d'une ordonannce toute particulière .,other,-,-,-,-,-,1770_wo,adjective,bord,amod
huit plats profonds à l'arbre au poivre le bord baroque à fleurs très beaux l'un endommagé .,other,-,-,-,-,-,1770_wo,adjective,bord,amod
un très beau plat à poisson profond à bord baroque émaillé et plat en dedans une compagnie chinoise avec barrières fleurs et ornements .,other,-,-,-,-,-,1770_wo,adjective,bord,amod
une autre un peu plus grande à paons fleurs et ornements de relief à bandes d'or et de bleu le bord baroque .,other,-,-,-,-,-,1770_wo,adjective,bord,amod
une garniture de trois pièces consistant en une urne et deux cornets à six compariments avec bouquets oiseaux arbres et fleurs le bord baroque à dentelle et broderie l'urne est endommagée .,other,-,-,-,-,-,1770_wo,adjective,bord,amod
écoutez vieille guenon c'est belphegor que j'invoque pour décrire la bicoque du caractère baroque que vous a donné pluton .,other,-,-,-,-,-,1758g, 1777c, 1785_a, 1785o, 1787p, 1788o, 1797l,adjective,caractère,amod
c'est un caractère baroque .,other,-,-,-,-,-,1768h,adjective,caractère,amod
avec un caractère aussi baroque qu'est le tien on ne peut ni te donner des avis ni te plainder ni te souhaiter un herueux succès .,other,-,-,-,-,-,1780y,adjective,caractère,amod
quelque censeur baroque qui demande du goût de la précision et de la vrai semblance par tout trouvera peut-être cette exhortation beaucoup trop longue pour un mourant .,other,-,-,-,-,-,1750_o, 1751h, 1769xxa, 1770m, 1771_a, 1781p,adjective,censeur,amod
amelot qui le savait bien lui demanda pourquoi il ne s'était pas contenté de censurer en gros quelques propositions de quesnel au lieu de faire une censure baroque de cent et une .,other,-,-,-,-,-,1791c,adjective,censure,amod
nous y vîmes une cérémonie baroque .,other,-,-,-,-,-,1768h,adjective,cérémonie,amod
naturel se dit encore de tout chant qui n'est ni forcé ni baroque qui ne va ni trop haut ni trop bas ni trop vite ni trop lentement .,other,-,-,-,-,-,1766q, 1768l, 1769j, 1774_k, 1781d, 1782_wk, 1782d, 1782f, 1785_wo, 1793h, 1796_af,adjective,chant,-
s'ils voulaient dénaturer leur chant ils le rendraient dur baroque et presque inchantable .,other,-,-,-,-,-,1753, 1753xxe, 1760, 1761, 1762a, 1764h, 1766, 1769_ac, 1772h, 1775_wo, 1776s, 1776v, 1781q, 1782y, 1786s, 1792_ag, 1792b, 1793_ac, 1796_ag,adjective,chant,-
on n'y voit point ces hymnes d'un chant lourd baroque .,other,-,-,-,-,-,1772q,adjective,chant,-
les unes trouvaient son chant plat et commun les autres welche et baroque .,other,-,-,-,-,-,1781g,adjective,chant,-
mais ce si comme dissonance mineure ne pouvant se porter qu'au la b amenait un chant difficilee et baroque tel que celui de p vito en cet endroit .,other,-,-,-,-,-,1781xh,adjective,chant,-
admirable dans un petit nombre de scènes mauvais presque partout ailleurs ce qui est peut-être autant la faute du genre que la sienne car c'est souvent pour avoir trop voulu s'asservir à la déclamation qu'il a rendu son chant baroque et ses transitions dures .,other,-,-,-,-,-,1752_bc, 1764h, 1769_ac, 1770n, 1772h, 1775_wo, 1776s, 1783u, 1784t, 1786ia, 1786xe, 1789t, 1793_ad, 1793_ag,adjective,chant,amod
car c'est souvent pour avoir trop voulu s'asservir à la déclamation qu'il a rendu son chant baroque et ses transitions dures .,other,-,-,-,-,-,1776v,adjective,chant,amod
le tout fut accompagné par une musique ou chant chinois fort baroque et des plus désagréables quoique cadencé ou mesuré et qu'ils exécuterent principalement devant la couleuvre en lui faisant faire en même temps différents mouvements très singuliers .,other,-,-,-,-,-,1779j, 1780f,adjective,chant,amod
un oiseau dont la voix est rauque peut il d'un chant aussi baroque vous faire ouir de médiocres sons .,other,-,-,-,-,-,1796_wa, 1796c,adjective,chant,amod
les uns trouvaient son chant plat et commun les autres welche et baroque .,other,-,-,-,-,-,1776_wi, 1777r,adjective,chant ,-
elle n'aurait pas été capable de faire un choix si baroque .,other,-,-,-,-,-,1781x, 1784_q, 1784xc, 1788v, 1796_q,adjective,choix,amod
une chose aussi baroque ne peut être regardée que comme un caprice ou un rêve d'architecte que l'on n'aurait pas hazardé dans un palais .,other,-,-,-,-,-,1769_s, 1769w,adjective,chose,amod
il y aurait encore bien d'autre choses à apprendre à m m comme à ne pas faire de comparaison aussi baroque que celle d'un médecin et son malade avec un cocher et ses chevaux à se désier de ses idées auprès des malades à disserter moins et à s'entendre mieux .,other,-,-,-,-,-,1787xh,adjective,comparaison,amod
si la comparaison baroque du médecin de saint germain avec le médecin de cos faite au même endroit était proposable ce ne pourrait être à cause de la médecine originale du premier .,other,-,-,-,-,-,1786xu,adjective,comparaison,amod
deux fort grandes bouteilles rondes à goulots cylindriques montées de couvercles et de pieds de cuivre de la chine avec trois compartiments baroque le dragon volant et ornements l'une est endommagée .,other,-,-,-,-,-,1770_wo,adjective,compartiment,amod
deux fort jolies grands caffetières à douze compartiments le tout baroque et d'un goût singulier .,other,-,-,-,-,-,1770_wo,adjective,compartiment,amod
termes prétieux que l'on ne prononce point sans pincer les lèvres assortiments monstrueux des grotesques de la néologie et le comportement baroque le métalent ridicule la bouffissure éfarée du jargon à la mode .,other,-,-,-,-,-,1737g,adjective,comportement,amod
la composition de ce jeune anglois eût elle été moins défecteuse et moins baroque si ce qu'il mit d'anglois en français d'une façon si ridicule il l'avait mis d'anglois en latin selon l'usage des écoles .,other,-,-,-,-,-,1751k,adjective,composition,-
la composition était négligée baroque même française .,other,-,-,-,-,-,1756r,adjective,composition,-
il croira cette pièce de poésie d'une composition aussi baroque que décousue .,other,-,-,-,-,-,1771v, 1799n,adjective,composition,amod
j'avoue cependant que dans cette baroque composition il se rencontre par fois des passages extrémement plaisants qui méritent même d'être recherchés .,other,-,-,-,-,-,1794_bg,adjective,composition,amod
je lui dirai ma façon de penser avec modération et je me dirai que je ne dois pas être excepté de la nombreuse classes de ceux qui fonts des ingrats quoiqu'il en soit voilà une bonne affaire finie que l'acuittement de ce compte baroque .,other,-,-,-,-,-,1798m,adjective,compte,amod
ils exécutaient des morceaux très difficilees sans clopiner le moins du monde et l'entrepreneur de ce concert baroque me dit qu'il se faisait fort de styler en six mois par la méthode en question quarante sujets qui ne fussent pas la musique en fixant l'attention du monotone à un seul ton à exécuter à livre ouvert les morceaux de musique les plus difficilees .,other,-,-,-,-,-,1776q,adjective,concert,amod
je suis persuadé qu'il n'y eut tout au plus que quelques vieilles qui trouverent bonne cette consequence et que toutes les jeunes au contraire auraient souhaité de tout leur coeur de faire une fréquente expérience du principe dont le prédicateur avait tiré sa conclusion baroque .,other,-,-,-,-,-,1742i,adjective,conclusion,amod
je ne crois pas qu'il puisse y avoir une construction plus baroque que celle de ces vers .,other,-,-,-,-,-,1772u,adjective,construction,amod
la bonne grace du pitaut reparait assez le défaut de sa construction baroque et les peu séduisants appas du nez camus n'invitaient pas a profiter de l'équivoque .,other,-,-,-,-,-,1783b, 1785a, 1787e,adjective,construction,amod
il est d'une construction assez baroque et composé de trois frontons .,other,-,-,-,-,-,1791,adjective,construction,amod
il est représenté planche i il est d'une construction assez baroque et composé de trois frontons .,other,-,-,-,-,-,1790g,adjective,construction,amod
plus vivement du tien offre encore la même faute c'est une construction baroque .,other,-,-,-,-,-,1793cca, 1793n,adjective,construction,amod
dites vous monsieur de ce conte baroque .,other,-,-,-,-,-,1785b, 1786lk, 1790v,adjective,conte,amod
d'où l'on pourait conclure qu'il aurait trompé ce prince qu'il se serait moqué de lui en lui faisant présent d'un copie aussi baroque aussi informe .,other,-,-,-,-,-,1753dh,adjective,copie,amod
malgré l'aspect général de la rudesse de la multitude le costume baroque un peu cynique .,other,-,-,-,-,-,1797u,adjective,costume,amod
son air sournois son ton malin sa barbe épaisee et noire ses cheveux crépus et en désordre sa taille courte ramassée et nerveuse son costume baroque sans être délabré tout cela ne lui donnait pas mal de ressemblance avec les honnêtes compagnons de la caverne de gilblas .,other,-,-,-,-,-,1799q,adjective,costume,amod
et leur couch fort baroque ressemble à celle des silex entre les couches de craie .,other,-,-,-,-,-,1792n,adjective,couch,amod
de là il tombe à corps perdu comme du troisième ciel sur son prêche qui n'est qu'une course baroque par monts et par vaux .,other,-,-,-,-,-,1750,adjective,course,amod
les suisses ont donc grand tort de défigurer leurs femmes par une coutume aussi baroque .,other,-,-,-,-,-,1771l, 1771o, 1772er, 1784jja,adjective,coutume,amod
son croquis baroque me fit rire à mon tour .,other,-,-,-,-,-,1755q, 1756tu,adjective,croquis,amod
rosanie est dans le genre de la féerie et avec tout l'appareil du merveilleux ne présent qu'une intrigue très commune et un dénouement baroque dénué de sens commun .,other,-,-,-,-,-,1781c, 1784e,adjective,dénouement,amod
refusons plutôt au grecs toute espèce d'harmonie que de leur attribuer une désinence harmonique de cette espèce désinence plus baroque que notre ton du quart et notre tierce de picardie .,other,-,-,-,-,-,1791a,adjective,désinence,amod
on y remarque surtout les chapiteaux et les bases des colonnes qui sont d'un dessein aussi singulier que baroque .,other,-,-,-,-,-,1782_bc,adjective,dessin,-
et ces toiles ont encore été dans l'antiquité comme de nos jours chargées d'un dessin baroque de chimères et d'êtres fantastiques .,other,-,-,-,-,-,1773_e, 1773c, 1774i, 1777xxa, 1793t, 1794b (CHECK),adjective,dessin,amod
aux chartreux à s ferréol aux carmelites à s martin des tableaux des plus grands maîtres et quelques-uns peints par les derniers comtes d'anjou d'un dessin assez baroque .,other,-,-,-,-,-,1784f,adjective,dessin,amod
sort des rois sort des humains quel destin bizarre et baroque me fourra parmi ces vauriens .,other,-,-,-,-,-,1788_m, 1789xm, 1790u,adjective,destin,-
je veux pourtant chanter de ma voix rauque ce valory ce fameux champion qui par l'effet de son destin baroque des prussiens fut le palladion et pour lequel se fit mainte blessure quand les housards fins et rusés matois de l'enveler essayant l'aventure autour du camp venaient en tapinois .,other,-,-,-,-,-,1788b, 1788jja, 1789_ac, 1789io, 1790ccd,adjective,destin,amod
je veux pourtant chanter de ma voix rauque ce valory ce fameux champion qui par l'effet de son destin baroque des prussiens fut le palladion .,other,-,-,-,-,-,1789xm,adjective,destin,amod
on est d'abord étonné de voir une disposition si baroque et si peu propre à faire honneur aux talents du vice grand maitre .,other,-,-,-,-,-,1786d, 1786l,adjective,disposition,amod
reponse du chevalier à cet argument par la distinction baroque et confuse des causes matérielle et formelle efficient et finale .,other,-,-,-,-,-,1771z,adjective,distinction,amod
voilà déjà une distinction assez baroque et qui pourrait bien déceler un petit coup de marteau .,other,-,-,-,-,-,1782ca, 1782xk, 1782xl,adjective,distinction,amod
mais quelque chinois que saient les chinois il n'est pas possible qu'ils fassent usage d'une échelle si baroque .,other,-,-,-,-,-,1791a,adjective,échelle,amod
la beauté sans manière offre un éclat baroque et l'esprit sans jargon est d'un bourgeois qui choque .,other,-,-,-,-,-,1737c, 1738, 1758, 1758cca, 1766a, 1768c, 1773a, 1784ffa,adjective,éclat,amod
c'est pourquoi ils ont imaginé une écriture baroque illisible dont tous les caractères sont extrêmement gros et étendus .,other,-,-,-,-,-,1782xd, 1783wa, 1792l,adjective,écriture,amod
cette écriture est si baroque qu'on pourrait la lire en vingt façons différentes .,other,-,-,-,-,-,1778l, 1784ffa,adjective,écriture,nsubj
dans cet édifice baroque elles se promenent dans l'eau où elles se nourrissent de plantes aquatiques .,other,-,-,-,-,-,1773_k, 1777_d, 1777jja, 1777xxxd, 1778nv, 1779_g, 1779_we, 1782_wd,adjective,édifice,amod
il fit une enterprise baroque .,other,-,-,-,-,-,1768h,adjective,enterprise,amod
quel baroque entretien .,other,-,-,-,-,-,1747e, 1758g, 1771m, 1777c, 1785_a, 1785o, 1787p, 1788o, 1797l,adjective,entretien,?
alors je jetai pour la première fois les yeux sur ce valet si apprivoisé et je reconnus malgré un équipage tout-à-fait baroque l'abbé de gaudigny neveu de notre abbesse .,other,-,-,-,-,-,1782xt,adjective,équipage,amod
quittés le baroque esclavage qu'elle vous impose .,other,-,-,-,-,-,1787ffa,adjective,esclavage,amod
pour connaître le pouvoir de l'amour il faut observer son effet sur deux êtres de cette espèce baroque .,other,-,-,-,-,-,1786g,adjective,espèce,amod
la préface courte burlesque et bouffonne qui se trouve à la tête annonce une tournure d'esprit singulière et baroque .,other,-,-,-,-,-,1776g,adjective,esprit,-
disons doc que si le saint était monliniste loin de le regarder comme le plus grand génie qu'il y ait eu il faut le regarder au contraire comme l'esprit le plus baroque et le plus de travers .,other,-,-,-,-,-,1752m,adjective,esprit,amod
toujours dans le plaisir je vis dans ma bicoque je n'y reçais jamais aucun esprit baroque .,other,-,-,-,-,-,1764i,adjective,esprit,amod
esprit baroque qui ne pense pas qui ne voit pas comme les autres .,other,-,-,-,-,-,1778y, 1788,adjective,esprit,amod
n'y a-t-il pas aussi un peu d'âcreté dans ce que vous dites de m le miere dont vous blâmez l'esprit baroque et le peu de goût .,other,-,-,-,-,-,1774o,adjective,esprit,amod
il faudrait avoir l'esprit bien baroque pour soutenir que l'électeur palatin se sait laissé subjuguer par une crainte ou surprendre par les manéges du cabinet de vienne .,other,-,-,-,-,-,1780e,adjective,esprit,amod
mais comme c'est un esprit baroque il voudrait de l'extraordinaire et il m'a chargé de lui chercher un poète et un musicien .,other,-,-,-,-,-,1780t, 1784r,adjective,esprit,amod
oh lui c'est un esprit baroque dont nous rendrons bon compte .,other,-,-,-,-,-,1789c,adjective,esprit,amod
si je ne m'y rends pas traitez moi d'esprit baroque de mauvais raisonneur .,other,-,-,-,-,-,1778, 1784ja,adjective,esprit,amod
sais-tu qu'en honneur ces français ont une tournure d'esprit baroque .,other,-,-,-,-,-,1798_bc,adjective,esprit,amod
il serait plus en état qu'un autre de remplacer par là le défaut de talent et de génie si cet esprit était moins baroque et qu'il fut accompagné de plus de goût .,other,-,-,-,-,-,1763i, 1772d, 1773q,adjective,esprit,nsubj
nous ne dissimulerons pas qu'il serait plus en état qu'aucun autre de remplacer par là le défaut de poésie et de versification si cet esprit était moins baroque et dirigé par un goût plus sur et plus exercé .,other,-,-,-,-,-,1774jja, 1775uo, 1778ui, 1779a,adjective,esprit,nsubj
c'est chez la marquise de felcourt que j'ai entendu le concert dont l'éxécution baroque m'a fourni le détail que je viens de vous faire .,other,-,-,-,-,-,1764o,adjective,éxécution,amod
mais voyant ensuite comme moi que cette hypothèse ne pouvait satisfaire qu'à quelques cas particuliers il en vient à l'explication la plus baroque .,other,-,-,-,-,-,1780i,adjective,explication,amod
expression baroque comune en certaines provinces .,other,-,-,-,-,-,1787xn,adjective,expression,amod
traiter d'emblée est un expression baroque .,other,-,-,-,-,-,1787xe,adjective,expression,amod
au milieu du palais royal en voit une grande redoute dont l'éxtérieur est chinois ou baroque .,other,-,-,-,-,-,1796j,adjective,éxtérieur,-
le procès de m le comte de guines a effetivement été jugé avant hier au châtelet d'une façon très baroque .,other,-,-,-,-,-,1777, 1780a, 1784y, 1785q,adjective,façon,amod
pour ma figure tout ce monde qui est dans votre salle décidera en ma faveur qu'elle n'est pas si baroque que la votre .,other,-,-,-,-,-,1728, 1732za, 1738a, 1783xxa,adjective,figure,-
des effets contraires ne pourraient donc nous montrer rien que de dur de désagréable de difforme de hideux enfin d'effroyable et ces effets ne peuvent être causés que par des objets d'une figure irrégulière baroque pour par un composé monstreux et disproportioné de différentes figures .,other,-,-,-,-,-,1748e,adjective,figure,-
car monsieur ne vous en déplaise grace à ma charge j'en avais un bon nombre malgré ma figure baroque .,other,-,-,-,-,-,1741a,adjective,figure,amod
qu'y a-t-il de nouveau demande son altesse à cette figure baroque .,other,-,-,-,-,-,1741a,adjective,figure,amod
regardez sa figure baroque .,other,-,-,-,-,-,1741a,adjective,figure,amod
nous l'appellerions en français une outre et pour dire la verité sa figure baroque qui ressemble un peu à celle d'une cruche à deux cols n'invite point à fiare connaissance avec lui .,other,-,-,-,-,-,1760k,adjective,figure,amod
on observera ici qu'on ne prescrit les cerceaux que pour les seuls arbres de figure baroque qui poussent follement .,other,-,-,-,-,-,1767h, 1767sn, 1770i,adjective,figure,amod
celle ci est d'une figure baroque dans toutes ses parties garnie de six côtes longitudinales chargées plus ou moins de feuillages irréguliers déchiquetés de couleur brune et enfumée aplatis et obtus principalement à la rangée qui borde la lèvre et où ces feuillages se prolongent en forme de pattes de crapaud .,other,-,-,-,-,-,1775c,adjective,figure,amod
elle est dit m l'abbé favart d'une figure baroque dans toutes ses parties garnie de six côtes longitudinales chargées plus ou moins de feuillages irréguliers déchiquetés de couleur brune aplatis et obtus principalement à la rangée qui borde la levre et où ces feuillages se prolongent en forme de pattes de crapaud .,other,-,-,-,-,-,1775xxxd,adjective,figure,amod
ce qui donne au tout une figure baroque .,other,-,-,-,-,-,1790a, 1791f, 1797_bc, 1798k,adjective,figure,amod
toutefois on observe que les cerceaux ne sont nécessaires que pour les seuls arbres de figure baroque qui possent follement .,other,-,-,-,-,-,1797j,adjective,figure,amod
ma couleur n'est pas éclatante ma figure est baroque et toujours différente .,other,-,-,-,-,-,1772s,adjective,figure,nsubj
le prince était honteux de paraître devant sa maîtresse sous une forme si baroque .,other,-,-,-,-,-,1731_wa, 1786z, 1787iu,adjective,forme,amod
cette vignette est renfermée dans une bodure de forme baroque enrichie de trophées d'armes par le haut et par les côtés avec des palmes et des lauriers au bas des deux côtés d'un cartel où dont des armes .,other,-,-,-,-,-,1774,adjective,forme,amod
qu'est ce que tant d'autres lits de forme baroque et d'origine étrangère que nous n'avons pas rougi d'emprunter à des turcs à des polonois à des italiens .,other,-,-,-,-,-,1779xxa, 1779y,adjective,forme,amod
les noms classiques d'amaryllis de silvie de mirthille frappent d'étonnement dans la foule baroque de plantes obscures et sans propriétés comme hemerocalle macre arroche .,other,-,-,-,-,-,1794xxa, 1795,adjective,foule,amod
des cazeaux des granges m demeurant à londres a traduit de l'anglois en français baroque la prétendue veuve et composé dans le même style la femme jalouse .,other,-,-,-,-,-,1776xg,adjective,français,amod
mais s'il modulait ce même air avec les façons de l'opéra elle s'en moquerait et elle accuserait le galant de pindariser d'être baroque .,other,-,-,-,-,-,1737g,adjective,galant,-
comment un aussi joli homme que lui a t il été choisir un habillement aussi baroque .,other,-,-,-,-,-,1753e,adjective,habillement,amod
son habit est baroque et son visage noir .,other,-,-,-,-,-,1778p, 1784cca, 1785r, 1787,adjective,habit,nsubj
des vaisseaux peints font un hémistiche dur et baroque .,other,-,-,-,-,-,1771c,adjective,hémistiche,-
lorsque otus furent placés commodément le médecin de mon père fit une histoire baroque de la maladie depuis sa naissance jusqu'à ce jour .,other,-,-,-,-,-,1774d,adjective,histoire,amod
suivant l'histoire baroque de cet emprisonnement la pacha feignit de consentir à la demande des mutins à condition qu'il tenterait encore une fois une sortie générale .,other,-,-,-,-,-,1788xa,adjective,histoire,amod
si j'avais voulu être cet homme baroque j'aurais été dans un des coins de versailles pour le moins aussi grand personnage que le cher de buffy ragotin .,other,-,-,-,-,-,1753xxc,adjective,homme,amod
mais les suisses ne sont point constipés et ils sont d'un bien meilleur tempérament encore et je ne conçais pas ce qu'on prétend gagner à recuire et à distiller une humeur baroque pendant huit ou quinze jours .,other,-,-,-,-,-,1778_o, 1779_n, 1781_o, 1782xp,adjective,humeur,amod
quelle humeur baroque .,other,-,-,-,-,-,1776_x, 1776i, 1776xk, 1777_u,adjective,humeur,amod
cette idée me semble très baroque n'en déplaise au bon goût de votre héros .,other,-,-,-,-,-,1789u,adjective,idée,-
voilà pourquoi mon idée plaisante et que vous trouvez baroque mérite la préférence sur le projet que vous défendez .,other,-,-,-,-,-,1787xh,adjective,idée,-
dussiez vous cependant trouver mon idée baroque je ne suis point fait pour dissimuler avec vous .,other,-,-,-,-,-,1736b, 1743, 1757za, 1778k, 1782xe,adjective,idée,amod
néanmoins il entre ce peu de caractéres il s'en trouve seulement un de chaque côté qu'elle puisse unir c'en est fait elle les allie et en forme une idée baroque qui pourra lui representer un livre soit même son existence à rome et pourtant à paris et cetera .,other,-,-,-,-,-,1755h,adjective,idée,amod
cette idée baroque fait faire une action dangereuse à ceux qui en sont imbus .,other,-,-,-,-,-,1761_a,adjective,idée,amod
on doit cependant regarder comme une idée baroque l'homme qui est culbuté dans un coin du tableau et dont on ne voit que les jambes le reste étant supposé hors de la toile .,other,-,-,-,-,-,1769_y, 1769x, 1786xv, 1787xj, 1790_z,adjective,idée,amod
le docteur se mettrait peut-être de mauvais humeur et se fâcherait si l'on voulait s'égayer et rire de son idée baroque .,other,-,-,-,-,-,1774xd,adjective,idée,amod
mais il me semble qu'il est vraisemblable et qu'il donne un fondement raisonnable à cette idée baroque .,other,-,-,-,-,-,1774,adjective,idée,amod
messieurs les inamovibles du régiment de guyenne se sont mis dans la tête une idée tout-à-fait baroque .,other,-,-,-,-,-,1772e, 1773r, 1775s, 1775xf,adjective,idée,amod
quelle idée baroque insensée extravagante .,other,-,-,-,-,-,1775xe,adjective,idée,amod
cette réflexion qui a fait toujours sur mon esprit une impression plus vive que les trames les complots et les conjurations dont on nous fatigue depuis long-temps n'a pas agi avec la même force sur l'âme de nost représentants cars ils n'hésiteraient pas à nous donner un papier national et ils auraient résisté à l'idée baroque et mal faisante de fondre notre argenterie nos boucles et nos saintes-vierges .,other,-,-,-,-,-,1789xl,adjective,idée,amod
et je protette à la face de la nation qu'aucun de nous n'en porta jamais de cette couleur ni n'eut même l'idée baroque d'en porter .,other,-,-,-,-,-,1789xi,adjective,idée,amod
mais comme je ne crois pas possible que paris souffrît un second deux september que les conjurations des prisons sont passées de mode et que le roi de prusse est bien loin dieu merci des plaines de châlons et qu'on ne pourrait pas ce me semble facilement persuader au peuple qu'il y a des hommes à massacrer pour les empêcher de lui préparer une loge à l'opéra l'observation de ce citoyen ne put me distraire des idées baroque que ce nombre de soixante émigrés avait fait naître dans ma tête .,other,-,-,-,-,-,1797q,adjective,idée,amod
ses autres ouvrages ont été admirés des uns comme ayant la noble simplicité de l'antique et critiqués des autres comme portant les traits d'une imagination baroque et contraire au bon goût .,other,-,-,-,-,-,1793b, 1797cv,adjective,imagination,amod
l'absolution conférée par un prêtre sans approbation de l'évêque est invalide et de nul effet c'est l'inductin la plus baroque et la plus absurde qu'on puisse imaginer n'ayant aucune liason avec le principe établi d'où on l'infére .,other,-,-,-,-,-,1778q,adjective,inductin,amod
n'aveignez point cet instrument baroque rauque qui nous fait trembler tous .,other,-,-,-,-,-,1760i,adjective,instrument,amod
un jour donc que siméon n'était pas triste il entre dans une boutique pleine de vessies en prend une et après y avoir ajusté un tuyay de plume et divers chalumeaux il s'en va dans un carrefour de la ville et joue publiquement de son baroque instrument .,other,-,-,-,-,-,1797v,adjective,instrument,amod
vu le jeu baroque et maussade de la troupe de lelio reste d'un miserable écho de collège et de parade .,other,-,-,-,-,-,1764e, 1766_a, 1767_wk, 1769p, 1770_wi, 1770_wj, 1770_wk, 1781_f, 1781k,adjective,jeu,amod
illustre aimable et digne abbesse il n'est donc que trop vrai qu'à paris comme à rome à vienne au paraguay a stokolm à berlin tout ainsi qu'à gonesse le premier jour de lan est de nos douze mois le jour le plus baroque et plus bavard le plus sournois le plus maussade enfin le plus équivoque .,other,-,-,-,-,-,1769t,adjective,jour,amod
les juges défendent leur jugement baroque par l'autorité du roi qui a toujours déclaré qu'il ne voulait pas de sang répandu dans cette affaire .,other,-,-,-,-,-,1775d, 1776m,adjective,jugement,amod
ce qui a formé une jurisprudence baroque et non uniforme que l'on a insérée dans ces coutumes comme une loi invariable à suivre .,other,-,-,-,-,-,1769l,adjective,jurisprudence,amod
il n'y a point de langue si baroque qui n'ait trouvé des partisans zélés .,other,-,-,-,-,-,1752e,adjective,langue,amod
on réimprime ce livre baroque à paris .,other,-,-,-,-,-,1776q,adjective,livre,amod
cette loi serait baroque en ce qu'elle permettrait à un ecclésiastique d'avoir trente mille livres de revenu en un seul bénéfice et ne lui permettrait pas d'avoir en deux ou plusieurs bénéfices plus de trois mille livres .,other,-,-,-,-,-,1789xxxd,adjective,loi,nsubj
je défie tout écolier de logique de déraisonner dans ses essais de syllogisme d'une manière plus baroque .,other,-,-,-,-,-,1756b,adjective,manière,amod
l'auteur orthographie d'une manière baroque .,other,-,-,-,-,-,1758k,adjective,manière,amod
ils passent deux heures à composer un manuscrit qu'il écrivent d'une manière baroque .,other,-,-,-,-,-,1769, 1769sl,adjective,manière,amod
il y a des tuyaux de mer qui sont repliés contournés en spirale en manière de vis roulés les uns sur les autres régulièrement comme des pains de bougier ou d'une manière si baroque que l'on a peine quelquefois à en trouver les extrémités .,other,-,-,-,-,-,1775c,adjective,manière,amod
le vers non si je ne puis t'attendrir est surtout rendu d'une manière baroque et ridicule .,other,-,-,-,-,-,1779p,adjective,manière,amod
manière baroque et à laquelle on se fait très difficileement .,other,-,-,-,-,-,1783xxc,adjective,manière,amod
l'ancienne manière de placer les pelotons et compagnies dans le bataillon était assez baroque et n'était fondée sur aucune raison qui méritât quelque considération .,other,-,-,-,-,-,1774b,adjective,manière,nsubj
le mérite est toujours baroque .,other,-,-,-,-,-,1708xxxa, 1708za, 1709xxxb, 1710a, 1730za,adjective,mérite,nsubj
et dont l'esprit répond à la mine baroque .,other,-,-,-,-,-,1732d, 1739,adjective,mine,amod
l'espèce de foire qu'il imaginée pouor l'émulation des arts et métiers conduit à celle d'un établissement durable où chaque invention nouvelle puisse s'annoncer aux curieux et s'offrir à la comparaison où tous les genres d'industrie ancienne puissent se retrouver et réclamer contre le caprice et la mode baroque qui les ont fait oublier .,other,-,-,-,-,-,1799_bd,adjective,mode,amod
ajoutons encore qu'il semble que plus une mode est baroque plus on lui attache de morgue et de fierté .,other,-,-,-,-,-,1773w, 1774e, 1777ry,adjective,mode,nsubj
on n'avait tenu compte des remarques des connaisseurs et l'on s'attendait à voir incessamment ce monument baroque lorsqu'il paraît décidé aujourd'hui qu'il n'aura pas lieu et qu'on va détruire tout ce qu'on a fait .,other,-,-,-,-,-,1783v, 1789dda,adjective,monument,amod
quelques phrases d'un beau chant dans un morceau d'ailleurs irrégulier commun ou baroque vers heureux dans une pièce écrite d'ailleurs d'un style rocailleux et plat .,other,-,-,-,-,-,1791a,adjective,morceau ,-
on déclare ma muse hérétique et baroque .,other,-,-,-,-,-,1761_wo,adjective,muse,-
la musique qui est du sieur rameau est à son ordinaire baroque et fort médiocre dans le cours de la pièce mais admirable dans les choeurs .,other,-,-,-,-,-,1750b,adjective,musique,nsubj
je ne veux parler ici et dans tout le reste de ma letter que de cette réforme subite et totale qui en voulant ramener tout-à-coup l'orthograph à la prononciation ferait de notre langue une langue barbare inintelligible aux yeux et indéchiffrable de ce néographisme baroque tel qu'il a été proposé autrefois par ramus et après lui par pelletier maigret l'abbé de saint-pierre de launay et quelques autres tel enfin que semblent le proposer les auteurs du vocabulaire .,other,-,-,-,-,-,1768e,adjective,néographisme,amod
et nos chiens que la peur saisit un même instant répandirent à flots un parfum équivoque dont l'odeur mélangée et tout-à-fait baroque fit s'écrier chaque assistant que leur maître ne peut sans néglier sa floire ne pas venger soudain un affront si notoire .,other,-,-,-,-,-,1797n,adjective,odeur ,-
les noms furent plus lisibles mais les cartes avaient un oeil disparate et baroque .,other,-,-,-,-,-,1778w,adjective,oeil,-
un diamant blanc cristallin hors d'oeuvre baroque .,other,-,-,-,-,-,1773f,adjective,oeuvre,amod
je ne crois pas qu'on ait jamais pu inventer un outil aussi baroque .,other,-,-,-,-,-,1783d, 1783e, 1783xxc,adjective,outil,amod
l'ouverture est singulière ou baroque avec un plan extérieur aplati étroite allongée sinueuse et fermée en partie par plusieurs apophyses blanches et dentelées qui se trouvent au-dedans de la lèvre ainsi que par les denticules de la columelle extérieure .,other,-,-,-,-,-,1775,adjective,ouverture,-
l'ouverture est encore plus baroque par son irrégularité et par les diverses apophyses qui en ferment en partie l'entrée et dont la lèvre et al columelle sont garnies .,other,-,-,-,-,-,1775,adjective,ouverture,nsubj
inventons quelque ouvrage baroque .,other,-,-,-,-,-,1769, 1769sl,adjective,ouvrage,amod
je fis encore avec la comtesse et l'abbé une partie plus baroque que celle-ci .,other,-,-,-,-,-,1755r, 1756q, 1787xf,adjective,partie,amod
il y a dit-elle dans cette maison un rendiez-vous de portes insupportable les meubles y sont à la papillote et le pavé de la cour est très baroque .,other,-,-,-,-,-,1746g,adjective,pavé,nsubj
si dans quelque nation voisine on commençait à former quelque trait quelque ébauche de dessein quelque figure encore imparfaite tout cela passerait pour du barbouillage pour une peinture capricieuse et baroque et l'on s'en tiendrait pour conserver le goût à ce beau simple qui véritablement n'exprime rien mais qui fait briller de belles nuances de grandes plaques bien colorées de longues dégradations de teintes aucun trait .,other,-,-,-,-,-,1781q, 1782xb, 1782y, 1783r, 1786s, 1790_wk, 1792_ag, 1796_ah,adjective,peinture ,-
ainsi on dit un esprit un goût un ouvrage une pensée baroque .,other,-,-,-,-,-,1771b, 1772dk,adjective,pensée,amod
mais je ne puis soutenir le personnage baroque et dénué de vraisemblance qu'on fait jouer à ce huron sur la scène .,other,-,-,-,-,-,1769b,adjective,personnage,amod
ce dialogue fixa mon attention sur un personnage assez baroque assis devant une table du café du caveau côté de philidor occupé d'un petit verre qu'il achevait à plusieurs reprises .,other,-,-,-,-,-,1797_wa,adjective,personnage,amod
sans aucune apparence de prétention le poète sait plaire et ses leçons n'ont rien de cette philosophie fade et baroque qui ose se montrer dans les opéra comiques et qui finira par en dégoûter le public .,other,-,-,-,-,-,1774_r, 1775i, 1778ui, 1779oi, 1781,adjective,philosophie,-
la phrase en elle même est baroque .,other,-,-,-,-,-,1753b, 1753ca,adjective,phrase,nsubj
il ne s'agirait que de trouver quelque physionomie baroque bien ridicule bien maussade bien vilaine .,other,-,-,-,-,-,1750lk, 1755xxa, 1762n, 1763q, 1774n, 1778i, 1784xxe,adjective,physionomie,amod
le plaidoyer baroque de l'intimé dans racine fut calqué sur ceux que l'on débitoit tous les jours au palais .,other,-,-,-,-,-,1773t,adjective,plaidoyer,amod
pour avoir un peu exactement ce plan baroque de la caverne je fis tendre un cordeau marqué de toise en toise depuis la porte du mur circulaire jusqu'au fond de la grotte .,other,-,-,-,-,-,1750c,adjective,plan,amod
d'où il est résulté que le plan de ce château est très baroque quoiqu'il soit assez orné à l'extérieur dans le goût de l'architecture du seizième siècle .,other,-,-,-,-,-,1782i,adjective,plan,nsubj
une plante baroque arrivée de la côte de malabar et bien inférieure aux végétaux de nos prairies donnoint matière à des dissertations ridicules qui duraient des après diners entières .,other,-,-,-,-,-,1779xxf, 1785m,adjective,plante,amod
cela posé je dis qu'une loi qui dans l'état actuel où sont les bénéfices du royaume en défendrait purement et simplement la pluralité serait en certains points baroque .,other,-,-,-,-,-,1789xxxd,adjective,pluralité,-
le mexique conquis poème baroque .,other,-,-,-,-,-,1753xb,adjective,poème,amod
elle n'est pourtant ni bizarre ni baroque .,other,-,-,-,-,-,1779t,adjective,poésie,-
d'autre part il avait la prétention - baroque chez lui - de réhabiliter les filles publiques .,other,-,-,-,-,-,1788g,adjective,prétention,amod
mais en se regardant les uns et les autres sur un procedé si baroque ils ne purent s'empêcher de rire .,other,-,-,-,-,-,1768_a, 1772i, 1773u, 1782,adjective,procédé,amod
elle accourut et reprocha tant qu'elle put au grand oiseau ce procédé baroque .,other,-,-,-,-,-,1796k, 1796p,adjective,procédé,amod
de dix vers blancs où le bons sens domine que de forger et bistourner exprès prose baroque où la rime chemine .,other,-,-,-,-,-,1748_s,adjective,prose,amod
voilà un quoique que l'on m'avouera être très mal placé et qui fait un raisonnement baroque .,other,-,-,-,-,-,1753xa,adjective,raisonnement,amod
je ne sais s'il fut jamais raisonnement plus baroque et moins probant .,other,-,-,-,-,-,1778q,adjective,raisonnement,amod
lorsqu'il est arrivé à la cadence il est essentiel que tous les instruments s'arrêtent afin de lui laisser la liberté de se divertir à son aise et de parcourir différents tons de fauter surtout du ton le plus aigu au plus grave et de prolonger son ramage baroque tant que la force de son haleine lui permettra .,other,-,-,-,-,-,1779k,adjective,ramage,amod
mais c'est une entreprise peu heureuse car la friabilité des bords de chaque partie fracturée fait que tout ce qu'on leur restitue offre un rapiécetage baroque et de mauvais goût .,other,-,-,-,-,-,1789xt,adjective,rapiécetage,amod
cette réponse doit avoir paru très baroque au seigneur don antonio ricardos carillo .,other,-,-,-,-,-,1793j,adjective,réponse ,-
zinca paraît effrayée et ensuite contrefait un rire baroque .,other,-,-,-,-,-,1758xxa, 1759_h, 1761_f, 1777_v, 1785e, 1785o, 1787_x, 1788_s, 1797_c,adjective,rire,amod
ll y a dans le texte militia qui fait un sens baroque .,other,-,-,-,-,-,1766l,adjective,sens,amod
quelques-uns composés de deux prépositions ou adverbes allemands seraient un sens bien baroque en les séparant .,other,-,-,-,-,-,1799cca,adjective,sens,amod
cependant l'habile anti-locke condamnait cette ame à la mort pour l'âme n'ayant point de port ne sçachant où fourrer ce souffle si baroque il le détruisait doucement ainsi qu'un foible son tiré d'un instrument .,other,-,-,-,-,-,1761_wo,adjective,souffle,amod
et cette marche qui était toute de son invention formait le spectacle le plus baroque et le plus ridicule .,other,-,-,-,-,-,1792a, 1792dda,adjective,spectacle,amod
arrivé à ce château j'en examinai la structure qui me parut assez baroque pour me dispenser d'en faire ici la description .,other,-,-,-,-,-,1787g,adjective,structure,-
cette maison est de bois et domine par dessus toutes les autres sa structure est très singulière et baroque l'escalier est en dehors .,other,-,-,-,-,-,1789h,adjective,structure,-
il protege avec droit comme simple animal promettant un mari nullement équivoque de qui la structure baroque dispense un épouse d'aimer et cela sans délai .,other,-,-,-,-,-,1719xxb, 1720, 1737, 1743b, 1744b, 1748c, 1750xxb, 1757c,adjective,structure,amod
godwin sand est un grand banc de structure fort baroque qui s'étend à peu près nord nord est et sud sud ouest environ trois lieuse et demie et dont la partie du sud appellée south-sand-head est à une lieure un tiers au nord-est de south-forelenad et à même distance de la côte de deal .,other,-,-,-,-,-,1757i, 1759oj,adjective,structure,amod
leur structure baroque leur a fait donner le nom de petit paysan .,other,-,-,-,-,-,1760xxa, 1764b,adjective,structure,amod
supposition aussi baroque qu'elle est insoutenable et contraire au bons sens .,other,-,-,-,-,-,1767l,adjective,supposition,amod
ce sont de grands blocs sans forme déterminée et dont la surface seule est baroque .,other,-,-,-,-,-,1779c,adjective,surface,nsubj
grace à l'abbaye de cambron qui a repris son tabernacle baroque .,other,-,-,-,-,-,1792x,adjective,tabernacle,amod
le malheureux succès de ce baroque tableau de nos arts les justes reproches qu'il a attirés à l'auteur ne l'ont pas empêché de nous jeter tout récemment à la tête un autre livre de la même taille et dans le même goût .,other,-,-,-,-,-,1780xa, 1782xg,adjective,tableau,amod
mais en conscience convenez donc que la tendresse des vieilles gents est baroque .,other,-,-,-,-,-,1786g,adjective,tendresse,nsubj
encore un terme baroque de logique .,other,-,-,-,-,-,1788c,adjective,terme,amod
cependant ce n'est ici que de la théologie baroque .,other,-,-,-,-,-,1788xd,adjective,théologie,amod
il importe peu que nos jeunes étourdis coupent leurs cheveux affectent une toilette baroque marchent sans graces montent à chevalier ridiculement estropient le français afin d'obtenir que quelque marchande de bouquets dise .,other,-,-,-,-,-,1790xxxa,adjective,toilette,amod
tous enfin se monterent sur un ton si haut si baroque et si fou qu'ils formerent le choeur le plus extraordinaire le plus bruyant et el plus ridicule qu'on eût entendu devant et depuis celui des .,other,-,-,-,-,-,1772t, 1773h, 1798_c,adjective,ton,-
détone à tort à travers prend de la dame en colère le ton baroque et les airs .,other,-,-,-,-,-,1776_w, 1776xi, 1778_w,adjective,ton,amod
enfin du p parti je n'entends plus le pas le q traînant sa queue et quelérant tout bas vient s'attaquer à l'u qu'à chaque instant il choque et sur le ton du k calque son ton baroque  et cetera .,other,-,-,-,-,-,1786m,adjective,ton,amod
le q traînant sa queue et querellant tout bas vient s'attaquer à l'u qu'à chaque instant il choque et sur le ton du k calque son ton baroque .,other,-,-,-,-,-,1786xr,adjective,ton,amod
quelquefois même le tour baroque de sidoine apollinaire .,other,-,-,-,-,-,1746_wa, 1747jja, 1752_wa, 1770f, 1771_wa,adjective,tour,amod
plus un tour était baroque plus celui qui croyait avoir rencontré la vraie façon de le rendre se faisait valoir .,other,-,-,-,-,-,1777xb,adjective,tour,nsubj
en effet les termes de travers de jargon de tournure plate triviale baroque barbare inepte ridicule stupide et cetera relevent sans cesse la gracce de vos discours et vous avez épuisé pour m gilbert le répertoire de vos aménités critiques .,other,-,-,-,-,-,1778x,adjective,tournure,-
est un vers obscur et recherché vieillir de leur antiquité est une tournure baroque qui approche de la barbarie .,other,-,-,-,-,-,1778_s, 1778m,adjective,tournure,amod
et confirme son dire burlesque par un trait encore plus baroque et qui ne sert plus guère que de lieu commun à tous nos faiseurs de contes .,other,-,-,-,-,-,1752s,adjective,trait,amod
c'est beau vous disent ils en vous chantant quelque trait baroque .,other,-,-,-,-,-,1797_ai,adjective,trait,amod
j'y réussis non sans quelque sorte de peine pour faire monter la ligature tout en haut parce que la tumeur était comme baroque tant elle était couverte de tubérosités .,other,-,-,-,-,-,1771x,adjective,tumeur,nsubj
nous nous sommes souvent donné de la peine pour apprendre la cause de cet usage baroque .,other,-,-,-,-,-,1790i,adjective,usage,amod
cela sera français selon vous et vous ferez un vers baroque .,other,-,-,-,-,-,1774xg,adjective,vers,amod
le nez plus épaté le menton plus long la bouche plus ouverte et tout le reste du visage un peu plus baroque que votre portrait .,other,-,-,-,-,-,1700xxxa, 1701a, 1707_d, 1714_l, 1717_p, 1721, 1741b,adjective,visage,amod
mais j'ai le visage si baroque .,other,-,-,-,-,-,1724xxa, 1783xj,adjective,visage,amod
il me semble aussi que vous avez les yeux plus petits et plus éraillés le nez plus épaté le menton plus long la bouche plus ouverte et tout le visage un peu plus baroque que votre portrait .,other,-,-,-,-,-,1790b,adjective,visage,amod
voilà un visage bien baroque .,other,-,-,-,-,-,1790za,adjective,visage,amod
les grandes et les petites prennent une forme régulière comme celle d'une petite poire d'une olive d'un globe ou bien une forme anguleuse et baroque selon que le premier peloton de suc durci ou caillé qui a servi de noyau et de base aux couches postérieurement appliquées était lui-même régulier ou irrégulier dans sa figure .,pearl,form,-,pearl,-,-,1736xa, 1737_wa, 1741_r, 1742za, 1743zd, 1744za, 1748za, 1749c, 1749zc, 1752zb, 1764za, 1775_wp, 1780zc, 1782zb,adjective,forme,-
une perle de bel orient forme un peu baroque deux percés en deux endroits pesant quarante neuf grains trois seizes ou douze karats sept seizes estimée cinq cents livres .,pearl,form,-,pearl,-,-,1791i,adjective,forme,-
une perle d'orient un peu nattée forme baroque doux ayant des ondulations une gersure un peu jaunâtre et percée pesant cinquante-deux grains deux seizes ou treize karats deux seizes estimée cinq cents livres .,pearl,form,-,pearl,-,-,1791i,adjective,forme,amod
ainsi nous disons perle en pointe ou en poire perle ronde perle ovale perle baroque .,pearl,form,-,pearl,-,-,1701_ah,adjective,perle,amod
tympania de pline est une espèce de perle baroque que nos joalliers nomment tambourins elle a la figure d'une tymballe .,pearl,form,-,pearl,-,-,1701,adjective,perle,amod
qu'est-ce que borneo au prix de bisnagar et quelle comparaison y a-t-il entre une perle baroque et une perle parfaite .,pearl,form,-,pearl,-,-,1715b, 1778j, 1785oi, 1786nc, 1786xxxa, 1787r,adjective,perle,amod
une perle baroque et de vilaine eau de quelque poids qu'elle sait ne saurait valoir la fameuse pèregrine .,pearl,form,-,pearl,-,-,1719a, 1732c, 1733a, 1740g, 1746a, 1755j, 1760e, 1770k,adjective,perle,amod
covarruvias au mot barrueco dit que ce mot espagnol qui signifie une perle baroque a été fait du latin verruca à cause de la ressemblance de ces perles à des verrues .,pearl,form,-,pearl,-,-,1750a,adjective,perle,amod
une perle baroque d'une volume extraordinaire creusée en forme de flacon et ornée d'un couvercle et d'une chaine d'or .,pearl,form,-,pearl,-,-,1781o,adjective,perle,amod
une perle baroque très joliment montée en or émaillé .,pearl,form,-,pearl,-,-,1781o,adjective,perle,amod
