sense,sentence,modified_noun,POS,DEP_PARSE,
form,l'ouverture est singulière ou baroque avec un plan extérieur aplati étroite allongée sinueuse et fermée en partie par plusieurs apophyses blanches et dentelées qui se trouvent au-dedans de la lèvre ainsi que par les denticules de la columelle extérieure .,ouverture,ADJ,-,
form,ordinairement elles avoient une belle eau mais leur forme était presque toujours irrégulière et baroque .,forme,ADJ,-,
form,on détache cette nacre et on la travaille sur le tour pour lui donner la forme ronde ovale ou baroque ou la figure de poire suivant les perles qu'on veut imiter .,forme,ADJ,-,
form,cette vis est d'une forme peu régulière et même baroque composée de neuf ou dix spires couronnées en partie de tubercules aigus principalement vers le milieur de la coquille .,forme,ADJ,-,
form,les grandes et les petites prennent une forme régulière comme celle d'une petite poire d'une olive d'un globe ou bien une forme anguleuse et baroque selon que le premier peloton de suc durci ou caillé qui a servi de noyau et de base aux couches postérieurement appliquées était lui-même régulier ou irrégulier dans sa figure .,forme,ADJ,-,
form,les grandes et les petites prennent une forme régulière comme celle d'une petite poire d'une olive d'une globe ou bien une forme anguleuse et baroque .,forme,ADJ,-,
form,nous devons même voir la raison pour laquelle la larve fait souvent entrer dans la composition de son fourreau des pièces qui gâtent la symétrie des autres et qui lui donnent une forme désagréable et tout-à-fait baroque .,forme,ADJ,-,
form,cette espèce dont la figure est singulière et extrêmement baroque représente assez bien un t dans sa forme pliée  peut avoir jusqu' à plus de cinq pouces de longueur .,figure,ADJ,-,
form,la coquille des pourpres a tantôt dans son ensemble une forme triangulaire tantôt une figure arrondie ou baroque .,figure,ADJ,-,
form,rien d'aussi baroque que la figure de ces fourreaux .,-,ADJ,-,
form,c'est aussi un bivalve mais plus baroque qu'aucun que j'aie vu par la grande inégalité des saillies de ses deux valves qui s'élèvent l'une et l'autre vers la charnière comme deux cornes et forment la plus grand partie du coquillage dont l'épaisseur est très grande comparativement à sa cavité .,-,ADJ,-,
form,elle est baroque et singulière composée d'une valve inférieure très profonde qui se prolonge considérablement pour former une grosse pointe recourbée en-dessous raboteuse en-denhors chargée sur les flancs de côtes longitudinales de vive arrête saillantes et pliées vers les bords de l'ouverture comme l'huitre appellée la crête de coq .,-,ADJ,-,
form,le choix du diamant se doit faire selon ces règles il doit être uni de bonne forme sans être baroque ni plein des glaces transparent et qu'il ne soit pas d'un blanc cristallin .,-,ADJ,-,
form,le choix du diamant se doit faire selon ces règles il doit uni de bonne forme sans être baroque ni plein de glaces transparent et qu'il ne soit pas d'un blanc cristallin .,-,ADJ,-,
form,le diamant brut doit être choisi uni de bonne forme sans être baroque ni plein de glaces transparent et qu'il ne soit pas d'un blanc cristallin .,-,ADJ,-,
form,quand la pierre n'est point susceptible d'une belle forme ils la laissent ou ronde ou ovale ou baroque et la creusent par dessous pour y ménager quelque diversité des faces qui fassent jouer la lumière en différents sens .,-,ADJ,-,
form,les unes ont une lèvre épaisse avec une clavicule garnie de quelque tubercules tandis que les autres ont une lèvre mince avec une volute simplement baroque dépourvue de tubercules .,volute,ADJ,amod,
form,la caillou du rhin que l'on trouve aujourd'hui dans le lit de ce fleuve n'est autre chose qu'un canon de crystal de roche qui s'est détaché du rocher et qui à force de rouler parmi les autres pierres qui sont dans le rhin a usé les vives arrêtes de ses faces et est devenu par le laps du temps comme un cabochon d'une rondeur baroque .,rondeur,ADJ,amod,
form,les côtes malouines sont de roc dur baroque .,roc,ADJ,amod,
form,un perle d'orient forme en poire baroque doux un peu plombée d'un côté pesant vingt cinq grains ou six karats quatre seizes estimée deux cents livres .,poire,ADJ,amod,
form,une perle d'orient forme en poire baroque doux et percée pesant vingt trois grains deux seizes ou cinq karats quatorze seizes estimée trois cent livres .,poire,ADJ,amod,
form,une grande huître extrêmement baroque et presque noire en dehors et en dedans .,huître,ADJ,amod,
form,celles qui font effervescence aux acides sont crétacées communément de couleur ou grise ou bleuâtre et de forme baroque .,forme,ADJ,amod,
form,coquille univalve du genre des buccins à canal court et retoussé ainsi appellée à cause de sa forme baroque et de travers qui regne dans toutes ses parties .,forme,ADJ,amod,
form,coquille univalve du genre des buccins de l'espèce triangulaire ainsi appellée à cause de sa forme baroque .,forme,ADJ,amod,
form,dans les bivalves sont l'huître commune qui se colle aux rochers et d'une forme si baroque qu'on ne peut l'ouvrir qu'à coups de marteau .,forme,ADJ,amod,
form,elles sont branchues et d'une forme baroque la plupart d'un blanc jaunâtre et quelques unes bleues en dedans et toues couvertes d'une écorce blanchâtre plus ou moins épaisse enclavées les unes dans les autres .,forme,ADJ,amod,
form,elles vont toujours en s'élévant de plus en plus et à l'endroit le plus élevé de la chaîne elle est coupée de vallées profondes bordé d'escarpemens dont il s'éleve des sommités de rochers singulièrement déchiquetés dont la forme baroque est occassionée par la décomposition du granit ou pierre de roche dont toutes ces montagnes et la majeure partie de celles de la daurie sont composées .,forme,ADJ,amod,
form,ils sont arrondis obtus un peu aigus ou aplatis allongés ou de forme baroque .,forme,ADJ,amod,
form,l'huître commune qui se colle aux rochers et d'une forme si baroque qu'on ne peut l'ouvrir qu'à coups de marteau .,forme,ADJ,amod,
form,la grande moule bleue et celle appelée la tulipe et plusieurs petites moules striées de forme baroque .,forme,ADJ,amod,
form,les graines sont plates de forme très baroque cendrées et ont un bon goût de pois .,forme,ADJ,amod,
form,on aura autant de petit cailloux compacts bien propres et d'une forme baroque qu'on a de pessaires à couvrir et dont le poids doit excéder un peu celui de chaque morceau de liége .,forme,ADJ,amod,
form,ses fruits son triangulaires bruns ridés de forme baroque d'un bon pouce de diamètre et d'environ deux pouces de longeur .,forme,ADJ,amod,
form,ses fruits sont de la grosseur d'un oeuf et quelque fois deux et trois fois plus gros d'une forme baroque garnis de pointes et de noeuds dans leur circonférence de couleur blanche en dedans et rougeâtre en dehors .,forme,ADJ,amod,
form,ses fruits sont de la grosseur d'un oeuf quelque fois deux et frois fois plus gros d'une forme baroque garnis de pointes et de noeuds dans leur circonférence de couleur blanche en dedans et rougeâtre en dehors .,forme,ADJ,amod,
form,un madréporte fort singulier et plat de forme ronde d'un pied un pouce de diamètre et feuilles fort minces espèce de cerveaux marins astroïtes dont le dessous est d'une forme baroque où il y a une coquille d'une huître épineuse fond rouge et une petite datte .,forme,ADJ,amod,
form,une sardoine de forme baroque parsemée de petits yeux de sardonyx dont les zones sont d'un blanc mat et les prunelles marron .,forme,ADJ,amod,
form,celle ci est d'une figure baroque dans toutes ses parties garnie de six côtes longitudinales chargées plus ou moins de feuillages irréguliers déchiquetés de couleur brune et enfumée aplatis et obtus principalement à la rangée qui borde la lèvre et où ces feuillages se prolongent en forme de pattes de crapaud .,figure,ADJ,amod,
form,cette petite espèce est d'une figure baroque principalement dans ses spires qui sont compliquées de diverses cavités et sinuosités .,figure,ADJ,amod,
form,il y a quelquefois trente quarante cinquante pièces de terre détachées de figure baroque et de consistence douteuse pour composer un revenu extrêmement modique .,figure,ADJ,amod,
form,ce sont de grands blocs sans forme déterminée et dont la surface seule est baroque .,surface,ADJ,nsubj,
form,la forme que plusieurs de ces teignes donnent à leur fourreau est tout-à-fait baroque dit m de réaumur .,forme,ADJ,nsubj,
form,la figure de ce limaçon conique ou sabot est baroque par ses spires rentrantes et comme martelées .,figure,ADJ,nsubj,
gout,cette partie était réservée au grand appelle qui fleurit dans la cent douzième olympiade et qui porta par-là à son plus haut degré la perfection de l'art chez les anciens qui depuis cette époque tomba dans un goût mesquin baroque et bizarre .,goût ,ADJ,-,
gout,et voilà par quelle adresse ils vous rapportent en france à peu près le même goût qu'ils y avoient pris trop souvent maniéré spirituel chargé ou baroque en un mot éloigné de la simple grande saine et vraiment belle nature dont si rarement les italiens se sont écartés .,goût ,ADJ,-,
gout,ce fut lui qui porta à son plus haut degré la perfection de l'art chez les anciens qui depuis ce temps tomba dans un goût mesquin baroque et bizarre .,goût,ADJ,-,
gout,de sorte qu'en copiant les tragédies angloises ils ont conservé à peu près le même goût timide contourné baroque en un mot éloigné de la simple grande saine et vraiment belle nature .,goût,ADJ,-,
gout,d'un goût baroque .,goût,ADJ,-,
gout,le goût qu'on appelle baroque ou de contraste .,-,ADJ,-,
gout,à manille ce beau métal ne sert qu'au luxe les habitans en chargent leurs habits et leurs carrosses dans un goût tout-à-fait baroque et comique .,goût,ADJ,amod,
gout,ce goût baroque est d'autant plus difficile à concevoir que l'usage de la préparation en question n'est pas sans danger .,goût,ADJ,amod,
gout,ce livre est à proprement parler une critique des femmes mais dans un goût baroque et qui sent la misère et la pauvreté de son temps .,goût,ADJ,amod,
gout,ces deux pièces sont composées dans le goût baroque .,goût,ADJ,amod,
gout,ceux qui trouveront ces vers sur l'ingratitude trop graves pour figurer dans une babiole sont priés de considérer que la bigarrure constituë l'essentiel dans le goût baroque d'un receuil à la moderne .,goût,ADJ,amod,
gout,des belles à paris et il y en a de plus de toits cent que je pourrois compter et saulër déclarent hautement que ce goût baroque peut être suisse nullement français et par conséquent contre nature .,goût,ADJ,amod,
gout,elle est d'un goût baroque .,goût,ADJ,amod,
gout,en vérité c'est un goût bien baroque .,goût,ADJ,amod,
gout,en vérité disait-elle je ne te conçois pas si décidément tu as pris un goût si baroque pourquoi s'adresser à moi .,goût,ADJ,amod,
gout,entre ces interstices remplies de figures et sur la bordure de ces tableaux on a pratiqué des ornements singuliers d'un goût très baroque .,goût,ADJ,amod,
gout,entre ces séparations remplies des figures et sur la bordure de ces tableaux on a pratiqué des formes et des ornements d'un goût très baroque .,goût,ADJ,amod,
gout,il paraît même que cette méthode se pratique dans quelques églises où l' on substituë par un goût baroque et male entendu plusieurs colifichets entassés les uns sur les autres aux plus excellents morceaux de nos grand maîtres qui ont pris tant de soins à nous représenter avec force et élégance les plus saints mystères de notre reglion .,goût,ADJ,amod,
gout,il santa ou saint antoine de padoue est une très vieille église à six coupoles d'un goût tout aussi baroque que celle de saint marc à venise à laquelle on la compare .,goût,ADJ,amod,
gout,j'aime mieux sans faire dédit a votre goût baroque si j'excite votre appétit .,goût,ADJ,amod,
gout,j'avois satisfait le goût baroque de mes compatriotes dont je recevois les compliments en riant et je mourois d'envie de hâter la réforme jusqu'au bout .,goût,ADJ,amod,
gout,juste aurele meissonnier architecte et décorateur dans le goût baroque d'après lui même .,goût,ADJ,amod,
gout,l'étude assidue que le sieur caffieri a faite en italie des bonnes formes de l'antique donne lieu d'espérer que l'on verra reparoître dans les six chandeliers et la croix qu'il fait actuellement le vrai goût des ornements auquel avoit succédé en dépit de la nature un goût baroque dont les productions irrégulières ne resemblent à rien .,goût,ADJ,amod,
gout,la composition est dans un goût baroque pour dire qu'elle n'est pas dans le bon goût .,goût,ADJ,amod,
gout,mais ce goût baroque ne dura guère .,goût,ADJ,amod,
gout,mais le tout est construit ou fait dans le goût le plus baroque .,goût,ADJ,amod,
gout,nous remarquerons en deux mots au sujet de ce dernier article que le goût baroque qui y a été poussé jusqu' à l'excès est la honte de l'art que le plus pitoyable dessinateur peut y exceller .,goût,ADJ,amod,
gout,on a donné à cette espèce de travail le nom de goût baroque .,goût,ADJ,amod,
gout,on dit en termes de peinture qu'une figure un tableau sont dans le goût baroque .,goût,ADJ,amod,
gout,on en est enfin venu à ce point de corruption qu'on a pratiqué sur les façades des édifices de ces ornements fantasques de ces enroulements du goût baroque que les gravures françaises et allemandes ont cherché à perpétuer .,goût,ADJ,amod,
gout,on ne dira pas un baroque goût mais un goût baroque .,goût,ADJ,amod,
gout,on y retrouve toujours le goût baroque du p guarini .,goût,ADJ,amod,
gout,ornements d'architecture dans le goût baroque .,goût,ADJ,amod,
gout,oui monsieur il vous prie de vous ressouvenir que c'est une traduction étrangère qu'il craint qu'on n'ouvre les yeux sur un goût si baroque et que cela ne tombe avant que d'être imprimé .,goût,ADJ,amod,
gout,petersbourg seroient ils tous sur le même ton également d'un goût baroque tandis que le dieu du goût musical n'auroit d'autre autel que le théâtre de l'opera français .,goût,ADJ,amod,
gout,point il y est accusé d'un goût extrêmement baroque et ne peut y retourner .,goût,ADJ,amod,
gout,pour françois de cuvilliés il a publié des ornements d'architecture dans le goût baroque et il n'a pas peu contribué par ses gravures à répandre de toutes parts ce mauvais goût surtout en allemagne .,goût,ADJ,amod,
gout,s'il est quelques esprits froids quequels âmes paresseuses qui tiennent encore au goût baroque des nos pères et qui veuillent à toute force rire à la comédie qu'ils écoutent ces barbares ce que leur adresse l'auteur du roué vertueux .,goût,ADJ,amod,
gout,sept pièces de fantaisie dans le goût baroque gravées par lespilliez .,goût,ADJ,amod,
gout,si quelques uns de nos voyageurs avoient rencontré cette jolie créature dans l'une des deux indes une telle bigarrure de tels ornements eussent paru dignes de figurer parmis les raretés de nos curieux d'europe et les érudits auroient longuement disserté sur le goût baroque des ces peuple incivilisés .,goût,ADJ,amod,
ornament,on y remarque surtout les chapiteaux et les bases des colonnes qui sont d'un dessein aussi singulier que baroque .,dessin,ADJ,-,
ornament,le tout forme un assemblage monstrueux et baroque d'une mauvais style d'un mauvais effet et qui ne répond nullement à l'idée de ces superbes tombeaux dont les argigentins se plaisoient à embellir leur ville .,assemblage,ADJ,-,
ornament,le duc de caravita y a fait exécuter en pierre dans un jardin qu'il a près du palais du roi tout ce que l'imagination a jamais produit de plus bizarre et de plus baroque .,-,ADJ,-,
ornament,le duc de caravita y a fait exécuter en pierre dans un jardin qu'il a près du palais du roi tout ce que l'imagination ait jamais produit de plus bizarre et de plus baroque .,-,ADJ,-,
ornament,le premier qui est très baroque est caractérisé par les attributs de neptune son trident et des chevaux marins .,-,ADJ,-,
ornament,six magnifiques compotiers à bords bruns contournés le tigre dragon volant gerbe de roseaux arbre au poivre rameau fleuri un pêcheur dans un bâteau et autres ornements le tout baroque à fond blanc et très propre  .,-,ADJ,-,
ornament,cette vignette est renfermée dans une bordure de forme baroque enrichie de trophées d'armes par le haut et par les côtés avec des palmes et des lauriers au bas des deux côtés d'un cartel où dont des armes .,forme,ADJ,amod,
ornament,deux fort grandes bouteilles rondes à goulots cylindriques montées de couvercles et de pieds de cuivre de la chine avec trois compartiments baroque le dragon volant et ornements l'une est endommagée .,compartiment,ADJ,amod,
ornament,deux fort jolies grands caffetières à douze compartiments le tout baroque et d'un goût singulier .,compartiment,ADJ,amod,
ornament,deux magnifiques plats profonds à bords bruns contournés en dedans un compartiment ovale où l'on voit au pied d'une montagne en cascade sur une eau agitée un vaisseau japonois avec figures du reste de très belles perspectives en paysages arbres et fleurs le bord baroque et étoffé en dehors à noeuds légers le tout d'une couleur vive supérieurement dessiné et d'une ordonannce toute particulière .,bord,ADJ,amod,
ornament,huit plats profonds à l'arbre au poivre le bord baroque à fleurs très beaux l'un endommagé .,bord,ADJ,amod,
ornament,un très beau plat à poisson profond à bord baroque émaillé et plat en dedans une compagnie chinoise avec barrières fleurs et ornements .,bord,ADJ,amod,
ornament,une autre un peu plus grande à paons fleurs et ornements de relief à bandes d'or et de bleu le bord baroque .,bord,ADJ,amod,
ornament,une garniture de trois pièces consistant en une urne et deux cornets à six compariments avec bouquets oiseaux arbres et fleurs le bord baroque à dentelle et broderie l'urne est endommagée .,bord,ADJ,amod,
other,et l'enroué ne chantera t il ses louanges que d'une voix discordante et baroque .,voix,ADJ,-,
other,en effet les termes de travers de jargon de tournure plate triviale baroque barbare inepte ridicule stupide et cetera relevent sans cesse la gracce de vos discours et vous avez épuisé pour m gilbert le répertoire de vos aménités critiques .,tournure,ADJ,-,
other,tous enfin se monterent sur un ton si haut si baroque et si fou qu'ils formerent le choeur le plus extraordinaire le plus bruyant et el plus ridicule qu'on eût entendu devant et depuis celui des .,ton,ADJ,-,
other,c'est titre le plus singulier le plus baroque le plus étrange enfin qui soit peut-être parmi toutes les pièces connues .,titre,ADJ,-,
other,ce qui a paru de lui dans le public se réduit à des odes au-dessous de médiocre à une saytre sur le goût dont les principes sont assez judicieux et al versification heureuses par intervalles à un poème intitulé mon odyssée qu'on croiroit avoir été fait pour des lecteurs tudesques tant le style en est dur et baroque tant les rimes en sont bizarres .,style,ADJ,-,
other,cette traduction semble inexacte d'un style dur et baroque rompu .,style,ADJ,-,
other,écrites d'un style welche et baroque elles présentent des idées louches souvent inintelligibles .,style,ADJ,-,
other,principes sont assez judicieux et al versification heureuses par intervalles à un poème intitulé mon odyssée qu'on croiroit avoir été fait pour des lecteurs tudesques tant le style en est dur et baroque et tant les rimes en sont bizarres .,style,ADJ,-,
other,si ce style bizarre et baroque engage d'un côte par sa singularité à rechercher l'ouvrage et le fait vendre plus cher .,style,ADJ,-,
other,cette réponse doit avoir paru très baroque au seigneur don antonio ricardos carillo .,réponse ,ADJ,-,
other,cela posé je dis qu'une loi qui dans l'état actuel où sont les bénéfices du royaume en défendroit purement et simplement la pluralité seroit en certains points baroque .,pluralité,ADJ,-,
other,sans aucune apparence de prétention le poète sait plaire et ses leçons n'ont rien de cette philosophie fade et baroque qui ose se montrer dans les opéra comiques et finira par en dégoûter .,philosophie,ADJ,-,
other,sans aucune apparence de prétention le poète sait plaire et ses leçons n'ont rien de cette philosophie fade et baroque qui ose se montrer dans les opéra comiques et qui finira par en dégoûter le public .,philosophie,ADJ,-,
other,et nos chiens que la peur saisit un même instant répandirent à flots un parfum équivoque dont l'odeur mélangée et tout-à-fait baroque fit s'écrier chaque assistant que leur maître ne peut sans néglier sa floire ne pas venger soudain un affront si notoire .,odeur ,ADJ,-,
other,en allant le goût italian au nôtre nous rendrions notre musique dure baroque et presque inchantable .,musique,ADJ,-,
other,la musique dure et baroque n'est telle que parce que les sons ne sont point fondus .,musique,ADJ,-,
other,loin de nous toute musique efféminée baroque bruyante ou qui ne peint rien .,musique,ADJ,-,
other,ne seroit-ce pas une musique dure baroque et  inchantable .,musique,ADJ,-,
other,on accusoit sa musique de n'être que difficile et baroque .,musique,ADJ,-,
other,penser cependant d'une musique qui à nos yeux doit être baroque sans mélodie et sans harmonie et qui cependant parle au coeur des naturels du pays .,musique,ADJ,-,
other,une musique légère et baroque élève l'âme jusqu' aux cieux par une sainte gigue .,musique,ADJ,-,
other,une musique légère et baroque élève l'âme jusqu' aux cieux par une sainte sarabande .,musique,ADJ,-,
other,on déclare ma muse hérétique et baroque .,muse,ADJ,-,
other,ce mot me paraît si baroque que je soupçonne qu'il faut lire cavalcados au lieu de calvados .,mot,ADJ,-,
other,quelques phrases d'un beau chant dans un morceau d'ailleurs irrégulier commun ou baroque vers heureux dans une pièce écrite d'ailleurs d'un style rocailleux et plat .,morceau ,ADJ,-,
other,les personnes trop peu exercées pour saisir cette mélodie disent qu'elle est baroque .,mélodie,ADJ,-,
other,voilà pourquoi mon idée plaisante et que vous trouvez baroque mérite la préférence sur le projet que vous défendez .,idée,ADJ,-,
other,cette idée fausse et baroque fait faire une action dangereuse à ceux qui en sont imbus .,idée,ADJ,-,
other,cette idée me semble très baroque n'en déplaise au bon goût de votre héros .,idée,ADJ,-,
other,à l'égard de l'harmonie elle a été trouvée en général un peu trop compliquée et quelquefois baroque .,harmonie,ADJ,-,
other,mais s'il moduloit ce même air avec les façons de l'opéra elle s'en moqueroit et elle accuseroit le galant de pindariser d'être baroque .,galant,ADJ,-,
other,la préface courte burlesque et bouffonne qui se trouve à la tête annonce une tournure d'esprit singulière et baroque .,esprit,ADJ,-,
other,sort des rois sort des humains quel destin bizarre et baroque me fourra parmi ces vauriens .,destin,ADJ,-,
other,la composition de ce jeune anglois eût elle été moins défecteuse et moins baroque si ce qu'il mit d'anglois en français d'une façon si ridicule il l'avoit mis d'anglois en latin selon l'usage des écoles .,composition,ADJ,-,
other,la composition était négligée baroque même française .,composition,ADJ,-,
other,les uns trouvoient son chant plat et commun les autres welche et baroque .,chant ,ADJ,-,
other,naturel se dit encore de tout chant qui n'est ni forcé ni baroque qui ne va ni trop haut ni trop bas ni trop vite ni trop lentement .,chant,ADJ,-,
other,les unes trouvoient son chant plat et commun les autres welche et baroque .,chant,ADJ,-,
other,mais ce si comme dissonance mineure ne pouvant se porter qu'au la b amenoit un chant difficile et baroque tel que celui de p vito en cet endroit .,chant,ADJ,-,
other,on n'y voit point ces hymnes d'un chant lourd baroque .,chant,ADJ,-,
other,s'ils vouloient dénaturer leur chant ils le rendroient dur baroque et presque inchantable .,chant,ADJ,-,
other,s'ils vouloient dénaturer leur chant ils le rendroient dur baroque et presque inchantables'ils se contentoient de l'orner par d'autres accompagnements .,chant,ADJ,-,
other,l'on dira de l'adjectif arke-kayé ce qu'on aura déjà dit d'arki-kaye c'est à dire qu'il est dur et baroque .,adjectif ,ADJ,-,
other,benjamin gilbert libraire à la haye qui a publié son baroque siècle de louis a cru devoir rassembler tout les les différentes additions que cet inconstant auteur a publiés .,-,ADJ,-,
other,benjamin gilbert libraire à la haye qui a publié son baroque siècle de louis .,-,ADJ,-,
other,dans cette acception qui est la véritable il faut avouer qu'il n'y a jamais eu rien au monde d'aussi baroque que nos motions nos comités nos journaux patriotiques nos clubs nos arrestations nos incarcerations nos deportations nos condamnations .,-,ADJ,-,
other,n'y a-t-il rien de si baroque aussi que cette succession héréditaire de la royauté .,-,ADJ,-,
other,rien de si baroque que les discours que ce prestigiateur adresse aux diables .,-,ADJ,-,
other,car leur talent n'est le plus souvent pas encore assez décidé pour pouvoir discerner ce qui est beau de ce qui n'est que baroque et singulier .,-,ADJ,-,
other,cela est tout à la fois obscur et baroque .,-,ADJ,-,
other,en six semaines on en fit dix huit editions toutes différentes et l'une plus baroque que l'autre .,-,ADJ,-,
other,et actuellement même que je suis avec mon ami desgrieux quoique vous soyez baroque dans votre sentiment il s'élance cependant de desgrieux certains rayons de son amour de sa divinité même pour moi sur vous qui font que je vous trouve aimable .,-,ADJ,-,
other,et ils appelleront baroque ce qui est harmonieux comme ils appellent simple ce qui est plat .,-,ADJ,-,
other,et quand rameau fouloit aux pieds leurs préjugés nos pères ne manquoient pas de trouver baroque ce qu'il produisoit de véhément et de rapide .,-,ADJ,-,
other,il ne s'apperçoit pas que placer ainsi une chûte de phrase au commencement d'un vers est tout ce qu'il y a de plus ridicule et de plus baroque et que alors pour me servir d'une expression triviale mais juste le vers tombe sur le nez ou plutôt qu'il n'y a plus de vers .,-,ADJ,-,
other,il y en a une un peu moins baroque qui fut publiée en 1669 et attribuée à un autre médecin de paris nommé dufour de la crespiliere .,-,ADJ,-,
other,j'admirais au commencement comment il peut être à la fois si baroque et si monotone .,-,ADJ,-,
other,je parie à moins qu'elle ne soit baroque ou qu'elle ne dise rien qu'il la déchiffre encore à la première vue et la chante passablement .,-,ADJ,-,
other,le plus baroque de tous ces êtres pour moi c'est un capitaine scheler des cercles qui viens de relever monsieur de reichlin au poste de freystadt qui servoit bien .,-,ADJ,-,
other,mais si vous n'êtes bouillant et sublime dit encore le même philosophe vous ne serez que baroque et froid .,-,ADJ,-,
other,mais si vous n'êtes bouillant et sublime vous ne serez que baroque et froid .,-,ADJ,-,
other,mais continue monsieur rousseau si vous n'êtes bouillant et sublime vous ne serez que baroque et froid .,-,ADJ,-,
other,peut-être lui manque-t-il un chant naturel et original et un peu plus de prononcé dans les intentions choses qui caractérisent le génie du fameux hayden à qui on ne peut reprocher que d'être quelquefois baroque quand il est épuisé par la quantité de traits de génie .,-,ADJ,-,
other,rousseau dont la mélodie a le défaut d'être en même temps commune et baroque .,-,ADJ,-,
other,voilà encore dans ce second couplet une façon de parler baroque que la tyrannie de la versification leur arrache .,-,ADJ,-,
other,euterpe déesse de l'harmonie entre vivement et fredonne un italien baroque .,-,NOUN,-,
other,c'est à toi seul que je la dois brutal durpetri dont la voix baroque et barbare a servi d'organe à la nature .,voix,ADJ,amod,
other,le croirais tu imirce que cette bête malgré son ineptie et sa voix baroque ait la fureur de censurer la voix harmonieuse des cygnes et le chante délicat des jeunes oiseaux .,voix,ADJ,amod,
other,quand ils furent arrivés à terre les matelots dont chacun était soutenu par deux sauvages furent conduits par un chemin étroit d'environ un quart de mille de longeur à leurs huttes où leur arrivé fut célébré au son d'un instrument très discordant qui n'était composé que de deux bâtons dentelés et acompagné d'une voix encore plus baroque et plus barbare .,voix,ADJ,amod,
other,cela sera français selon vous et vous ferez un vers baroque .,vers,ADJ,amod,
other,nous nous sommes souvent donné de la peine pour apprendre la cause de cet usage baroque .,usage,ADJ,amod,
other,c'est beau vous disent ils en vous chantant quelque trait baroque .,trait,ADJ,amod,
other,et confirme son dire burlesque par un trait encore plus baroque et qui ne sert plus guère que de lieu commun à tous nos faiseurs de contes .,trait,ADJ,amod,
other,est un vers obscur et recherché vieillir de leur antiquité est une tournure baroque qui approche de la barberie .,tournure,ADJ,amod,
other,rends de ses mots la tournure baroque a ses discours donne un sens équivoque .,tournure,ADJ,amod,
other,détone à tort à travers prend de la dame en colère le ton baroque et les airs .,ton,ADJ,amod,
other,enfin du p parti je n'entends plus le pas le q traînant sa queue et quelérant tout bas vient s'attaquer à l'u qu'à chaque instant il choque et sur le ton du k calque son ton baroque  et cetera .,ton,ADJ,amod,
other,le q traînant sa queue et querellant tout bas vient s'attaquer à l'u qu'à chaque instant il choque et sur le ton du k calque son ton baroque .,ton,ADJ,amod,
other,il importe peu que nos jeunes étourdis coupent leurs cheveux affectent une toilette baroque marchent sans graces montent à chevalier ridiculement estropient le français afin d'obtenir que quelque marchande de bouquets dise .,toilette,ADJ,amod,
other,a ce titre baroque et factice on reconnoit aisément l'auteur de la brochure ce protée littéraire qui depuis quelques années prend toutes sortes de formes non pas pour tromper ses semblables comme celui de la fable mais pour les éclairer et les intruire .,titre,ADJ,amod,
other,a ce titre baroque et factice on reconnoît aisément m de voltaire l'auteur de cette brochure .,titre,ADJ,amod,
other,il paraît un nouveau livre sous le titre baroque de l'an deux mille quatre cent quarante rêve s'il en fût jamais avec cette épigraphe .,titre,ADJ,amod,
other,on en lisoit et l' on en peut lire encore la plus grande partie dans les ouvrages d'arnaud principalement dans l'écrit donné sous le titre baroque de pentalogus diaphoricus .,titre,ADJ,amod,
other,où avez vous pris le titre baroque que vous donnez au public dans l'épître dédicatoire que vous lui adressez .,titre,ADJ,amod,
other,pour étendre les leurs sur un acte équivoque ou sur un vieux titre baroque dont le chifre effacé rend le temps incertain .,titre,ADJ,amod,
other,pour étendre les leurs sur un acte équivoque ou sur un vieux titre baroque dont le chiffre effacé rend le temps incertain je pense toutefois qu'il vaut mieux se deffendre .,titre,ADJ,amod,
other,cependant ce n'est ici que de la théologie baroque .,théologie,ADJ,amod,
other,encore un terme baroque de logique .,terme,ADJ,amod,
other,supposition aussi baroque qu'elle est insoutenable et contraire au bons sens .,supposition,ADJ,amod,
other,ce n'est pas monseiur que mon écriture souvent illisible mon style souvent baroque et indéchiffrable ne puisse vous servir d'excuse .,style,ADJ,amod,
other,il faut remarquer que les définitions dans cet ouvrage sont en général très claires et bien éloignées du style baroque et entortillé des jurisconsultes .,style,ADJ,amod,
other,je sais qu'à force de peine et de travail on peut se faire à toutes ces bizarreries et s'apprivoiser encore avec ce style baroque après s'être familiarisé avec les irrégularités affectées à la langue .,style,ADJ,amod,
other,je sais qu'à force de peine et de travail on peut se faire à toutes ces bizarreries et se familiariser encore avec ce style baroque après s'être familiarisé avec les irrégularités affectées à la langue .,style,ADJ,amod,
other,les baillifs concluent de ce style baroque et qui se sent encore de l'ancienne barbarie que ces quatre hauts justiciers étaient établis de toute ancienneté .,style,ADJ,amod,
other,mais elles sont écrites d'un style baroque capable d'effrayer le lecteur le plus intrépide et d'une dureté sans exemple depuis chapelain .,style,ADJ,amod,
other,naïveté suit ce style baroque qui réchauffant la plus froide équivoque en bel esprit il vous travestit un sot .,style,ADJ,amod,
other,naïveté suit ce style baroque .,style,ADJ,amod,
other,son style baroque répondoit à la bizarrerie et au déréglement de son esprit .,style,ADJ,amod,
other,et cette marche qui était toute de son invention formoit le spectacle le plus baroque et le plus ridicule .,spectacle,ADJ,amod,
other,cependant l'habile anti-locke condamnoit cette ame à la mort pour l'âme n'ayant point de port ne sçachant où fourrer ce souffle si baroque il le détruisoit doucement ainsi qu'un foible son tiré d'un instrument .,souffle,ADJ,amod,
other,son départ va entraîner la dissolution de cette baroque société .,société,ADJ,amod,
other,ll y a dans le texte militia qui fait un sens baroque .,sens,ADJ,amod,
other,quelques-uns composés de deux prépositions ou adverbes allemands seroient un sens bien baroque en les séparant .,sens,ADJ,amod,
other,elle paraît d'abord effrayée et ensuite contrefait un rire baroque .,rire,ADJ,amod,
other,zinca paraît effrayée et ensuite contrefait un rire baroque .,rire,ADJ,amod,
other,et ce boileau tant vanté n'était qu'un rimeur baroque quand il a dit .,rimeur,ADJ,amod,
other,et ce nonobstant clameur de critique satyre chagrine et même toute remontrance baroque de mon bon sénat l'académie française auquel nous interdisons dès-à-présent toute connaissance des contestations nées et à naître à ce sujet en réservant le jugement définitif à mondit successeur si le cas y échoit .,remontrance,ADJ,amod,
other,je ne sais s'il fut jamais raisonnement plus baroque et moins probant .,raisonnement,ADJ,amod,
other,voilà un quoique que l'on m'avouera être très mal placé et qui fait un raisonnement baroque .,raisonnement,ADJ,amod,
other,de dix vers blancs où le bons sens domine que de forger et bistourner exprès prose baroque où la rime chemine .,prose,ADJ,amod,
other,mais en se regardant les uns et les autres sur un procedé si baroque ils ne purent s'empêcher de rire .,procédé,ADJ,amod,
other,elle accourut et reprocha tant qu'elle put au grand oiseau ce procédé baroque .,procédé,ADJ,amod,
other,mais en se regardant les uns et les autres sur un procédé si baroque ils ne purent s'empêcher de rire .,procédé,ADJ,amod,
other,d'autre part il avait la prétention - baroque chez lui - de réhabiliter les filles publiques .,prétention,ADJ,amod,
other,il n'y a pas de plus grand défaut que celui là si ce n'est peut être celui d'un poète baroque qui prend une bizarrerie grotesque pour l'originalité une trivialité bouffonne pour de la gaieté naïve et qui estropiant sans cesse la langue et disloquant la poesie choque à la fois le plus rudement du monde le bon goût le bons sens et l'oreille .,poète,ADJ,amod,
other,le mexique conquis poème baroque .,poème,ADJ,amod,
other,le plaidoyer baroque de l'intimé dans racine fut calqué sur ceux que l'on débitoit tous les jours au palais .,plaidoyer,ADJ,amod,
other,le plaidoyer baroque de l'intimé dans racine ouvrit les yeux .,plaidoyer,ADJ,amod,
other,cette pièce baroque a été imprimée avec des notes .,pièce,ADJ,amod,
other,ce dialogue fixa mon attention sur un personnage assez baroque assis devant une table du café du caveau côté de philidor occupé d'un petit verre qu'il achevoit à plusieurs reprises .,personnage,ADJ,amod,
other,les deux premiers numéros du journal de camille desmoulins n'ont servi qu'à jeter de nouveaux doutes sur l'opinion que je m'étois formée du caractère intermittant de ce baroque personnage .,personnage,ADJ,amod,
other,mais je ne puis soutenir le personnage baroque et dénué de vraisemblance qu'on fait jouer à ce huron sur la scène .,personnage,ADJ,amod,
other,je fis encore avec la comtesse et l'abbé une partie plus baroque que celle-ci .,partie,ADJ,amod,
other,je ne crois pas qu'on ait jamais pu inventer un outil aussi baroque .,outil,ADJ,amod,
other,momus ce dieu porte marotte souverain de la gent falotte ayant trouvé certain écrit qui dans lutece fait grand bruit appellé marie alacoque voulut s'éclaircir en secret pourquoi donc un chacun s'en mocque et le traite d'oeuvre baroque qui mérite peu de respect .,oeuvre,ADJ,amod,
other,c'est un nom si baroque .,nom,ADJ,amod,
other,ce nom baroque passoit ci-devant pour désigner une espèce de terre calcaire très fine .,nom,ADJ,amod,
other,ceux qui l'ont fait ont imaginé un nom baroque pour cacher celui du véritable auteur et ils le supposent écrit à rome .,nom,ADJ,amod,
other,christine trouvant son nom baroque le nomma struzzo .,nom,ADJ,amod,
other,elle m'a dit que je les trouverois en demandant le nom d'une autre de leurs filles  puisqu' elle doit être l'unique dans le royaume qui porte un nom si baroque .,nom,ADJ,amod,
other,le moindre plat c'est lui qui l'intitule d'un nom baroque et très mal assorti .,nom,ADJ,amod,
other,le mot allemand est erd-apfel ou erd oepfel ce qui a produit le nom baroque de artoffel .,nom,ADJ,amod,
other,nom baroque qu'on donne en logique à un syllogisme dont la majeure doit être universelle affirmative la mineure universelle négative et la conclusion particulière négative .,nom,ADJ,amod,
other,un milord au nom baroque à l'esprit aimable m'a rendu une lettre de votre part .,nom,ADJ,amod,
other,je ne veux parler ici et dans tout le reste de ma letter que de cette réforme subite et totale qui en voulant ramener tout-à-coup l'orthograph à la prononciation feroit de notre langue une langue barbare inintelligible aux yeux et indéchiffrable de ce néographisme baroque tel qu'il a été proposé autrefois par ramus et après lui par pelletier maigret l'abbé de saint-pierre de launay et quelques autres tel enfin que semblent le proposer les auteurs du vocabulaire .,néographisme,ADJ,amod,
other,ainsi puisse prospérer la musique baroque dans le profane  puisqu' elle n'y est ni plus significative ni plus scandaleuse qu'une grêle de coups qu'on feroit tomber sur un coffre .,musique,ADJ,amod,
other,c'est le travers dans lequel donne la musique baroque .,musique,ADJ,amod,
other,de baroque musique faites un choix fabriquez moi un opéra car tel qu'il sera on l'applaudira .,musique,ADJ,amod,
other,il donne avec beaucoup de raison pour département à la musique baroque les spectacles et les concerts où elle ne peut être ni plus significative ni plus scandaleuse qu'une grêle de coups qu'on feroit tomber sur un coffre .,musique,ADJ,amod,
other,il donne pour département de la musique baroque les théâtres et concerts pour n'y amuse que par du bruit sans s'embarrasser de rien exprimer .,musique,ADJ,amod,
other,il fait ensuite une division de la musique en musique chantante et musique baroque .,musique,ADJ,amod,
other,ils ne peuvent manquer de plaire à ceux qui préférent aux difficultés d'une musique baroque un chant agréable varie et semé de traits neufs .,musique,ADJ,amod,
other,l'auteur parcoure les divers ridicules qu'il croit devoit reprendre dans le goût moderne et il s'élève ainsi contre la musique baroque .,musique,ADJ,amod,
other,l'intention des assemblées chrétiennes et les sujets qui s'y chantent sont incompatibles soit avec les boutades soit avec la précipitation de la musique baroque .,musique,ADJ,amod,
other,la musique baroque restera en possession des spectacles et des concerts publics où la musique chantante causoit autrefois des maux infinis .,musique,ADJ,amod,
other,la perte de tant d'excellens sujets que cette musique baroque ne manqueroit pas d'entraîner m'en rapelle un autre qui vous causera d'abord la plus grand consternation .,musique,ADJ,amod,
other,le poème est si mauvais que les acteurs même n'y peuvent déployer aucun jeu et la musique si baroque que le chanteur n'y trouve rien à exprimer .,musique,ADJ,amod,
other,leur disoit-elle nous nous acommoderons je ménagerai une transactions entre la musique baroque et la musique .,musique,ADJ,amod,
other,mais quel avantage pourra-t-on tirer de la musique baroque .,musique,ADJ,amod,
other,notre auteur appelle cette musique baroque il donne à l'autre le nom de chantante .,musique,ADJ,amod,
other,nous la nommerons la musique baroque .,musique,ADJ,amod,
other,on entendoit quelques pétards puis on se promenoit dans une vaste solitude sous des galeries mal peintes au son d'une musique baroque .,musique,ADJ,amod,
other,on s'est lassé de se promener en long et en large ou plutôt d'être coudoyé en tout sens dans un salon et sous des galeries mal peintes au son d'une musique baroque .,musique,ADJ,amod,
other,on trouva sa musique baroque et barbare .,musique,ADJ,amod,
other,par exemple il pourra comme l'a déjà fait un musicien parfaitement convaincu du vrai usage de la musique baroque .,musique,ADJ,amod,
other,pour faciliter à l'amiable les progrès de la musique baroque et pour décréditer ou ruiner dans les familles le dangereux goût des chants du siècle passé il sera permis aux villes les plus médiocrement riches de se donner à grands frais un opéra ou du moins un concert public où les honnêtes fainéants du pays puissent avoir à discrétion des sonnates qui ne significen rien et de l'italien qu'ils n'entendent point ou du français qui se convertit pour eux en arabe par les cascades et par les hoquèts de la prononciation .,musique,ADJ,amod,
other,retournez chez vos compatriotes et leur faites entendre votre musique baroque qui n'a ni sens ni raison .,musique,ADJ,amod,
other,si cela est comme on n'en peut pas douter ne soyons point étonnés de la musique baroque dont on nous écorche aujourd'hui les oreilles .,musique,ADJ,amod,
other,une musique baroque est celle dont l'harmonie est confuse chargée de modulations et de dissonances le chant dur et peu naturel l'intonation difficile et le mouvement contraint .,musique,ADJ,amod,
other,une musique baroque est celle qui est chargée de modulations trop dures à l'oreille et dont le mouvement est interrompu mal à propos et cetera .,musique,ADJ,amod,
other,une musique baroque est celle dont l'harmonie est confuse chargée de modulations et dissonances le chant dur et peu naturel l'intonation difficile et le mouvement contraint .,musique,ADJ,amod,
other,le titre seul du coup d'oeil purin fort étendu en donne l'explication et sert comme de commentaire à ce mot baroque .,mot,ADJ,amod,
other,mais un mot baroque qu'ils répètent si souvent a enfin forcé mon attention .,mot,ADJ,amod,
other,un enfant qui sait ce mot baroque est fort instruit pour la société .,mot,ADJ,amod,
other,voilà un mot bien baroque .,mot,ADJ,amod,
other,l'espèce de foire qu'il imaginée pouor l'émulation des arts et métiers conduit à celle d'un établissement durable où chaque invention nouvelle puisse s'annoncer aux curieux et s'offrir à la comparaison où tous les genres d'industrie ancienne puissent se retrouver et réclamer contre le caprice et la mode baroque qui les ont fait oublier .,mode,ADJ,amod,
other,et dont l'esprit répond à la mine baroque .,mine,ADJ,amod,
other,on nous donne quelque menuet baroque .,menuet,ADJ,amod,
other,je le domande à tout homme qui a connaissance de nos caractères élémentaires et du son que nous leur avons affecté comment s'il ignore l'italien pourra t il dans ce méchanisme baroque abé glie découvrir la véritable prononciation du mot abeille .,méchanisme,ADJ,amod,
other,il y a des tuyaux de mer qui sont repliés contournés en spirale en manière de vis roulés les uns sur les autres régulièrement comme des pains de bougier ou d'une manière si baroque que l'on a peine quelquefois à en trouver les extrémités .,manière,ADJ,amod,
other,ils passent deux heures à composer un manuscrit qu'il écrivent d'une manière baroque .,manière,ADJ,amod,
other,je défie tout écolier de logique de déraisonner dans ses essais de syllogisme d'une manière plus baroque .,manière,ADJ,amod,
other,l'auteur orthographie d'une manière baroque .,manière,ADJ,amod,
other,le vers non si je ne puis t'attendrir est surtout rendu d'une manière baroque et ridicule .,manière,ADJ,amod,
other,manière baroque et à laquelle on se fait très difficilement .,manière,ADJ,amod,
other,on réimprime ce livre baroque à paris .,livre,ADJ,amod,
other,il n'y a point de langue si baroque qui n'ait trouvé des partisans zélés .,langue,ADJ,amod,
other,elle vit que les habitans étaient dans des contestations perpétuelles un même esprit d'une chicanne peu différente les animoit dans leurs querelles et un langage également baroque servoit à les exprimer celles du païs ou l'on entroit en mauvais latin et celles du climat que l'on quittoit en un jargon qui tenoit de l'ancien roman qui n'était ni français ni latin .,langage,ADJ,amod,
other,en un mot c'est un langage si baroque si étrangement néologique qu'on peut assurer qu'un étranger qui saurait parfaitement notre langue et qui lirait couramment nos classiques ne pourrait pas lire un e page de m deleyre sans être arrêté à tout moment et sans demander si l'auteur a parlé français et ce qu'il a voulu dire .,langage,ADJ,amod,
other,ensuite ronsard avec son même langage baroque décrit comment la sience poétique passa de l'orient en occident et parvint en angleterre .,langage,ADJ,amod,
other,envoyez moi donc je vous prie l'énumération de vos infirmités et de vos misères en termes barbares et en langage baroque et cela avec toute l'exactitude possible .,langage,ADJ,amod,
other,je vous dirai mon cher ami que je m'exprime plus aisément maintenant dans ce langage baroque et musical que je n'ai jamais fait en français .,langage,ADJ,amod,
other,la philosophie du dogme et des controverses y introduit un langage baroque et néologue qui acheva leur ruine .,langage,ADJ,amod,
other,leur langage baroque effarouche les graces et fait fuir les amours qui voloient sur leurs traces .,langage,ADJ,amod,
other,ce qui a formé une jurisprudence baroque et non uniforme que l' on a insérée dans ces coutumes comme une loi invariable à suivre .,jurisprudence,ADJ,amod,
other,les juges défendent leur jugement baroque par l'autorité du roi qui a toujours déclaré qu'il ne vouloit pas de sang répandu dans cette affaire .,jugement,ADJ,amod,
other,illustre aimable et digne abbesse il n'est donc que trop vrai qu'à paris comme à rome à vienne au paraguay a stokolm à berlin tout ainsi qu'à gonesse le premier jour de lan est de nos douze mois le jour le plus baroque et plus bavard le plus sournois le plus maussade enfin le plus équivoque .,jour,ADJ,amod,
other,vu le jeu baroque et maussade de la troupe de lelio chétif et pityoable écho de collège et de parade .,jeu,ADJ,amod,
other,vu le jeu baroque et maussade de la troupe de lelio et de collège et de parade .,jeu,ADJ,amod,
other,vu le jeu baroque et maussade de la troupe de lelio reste d'un miserable écho de collège et de parade .,jeu,ADJ,amod,
other,d'imbéciles fainéants et fainéantes qui végetent dans les villes et qui comme les perroquets ne savent que proférer des mots vuides de sens et d'idées se croient beaucoup d'esprit quand ils tournent en ridicule d'honnêtes et de sages agriculteurs qui ne comprenant rien à leur jargon baroque et d'amusant pour l'instant de leur folle étourderie les méprisent en les plaignant .,jargon,ADJ,amod,
other,je lui fis la révérence et lui dis que j'étais fort sa servante et qu'il fallait aller chez mon maître sur quoi conversation m'a poursuivie en un jargon baroque jusqu'à ce qu'il me perdit de vue .,jargon,ADJ,amod,
other,non seulement on est fatigué au bout de trois pages de leur tournure bizarre et de leur jargon baroque mais ce qu'il y a de pis c'est qu'on y trouve très peu d'esprit et pas une idée sur l'art .,jargon,ADJ,amod,
other,non seulement on est fatigué au bout de trois pages de leur tournure bizarre et de leur jargon baroque .,jargon,ADJ,amod,
other,n'aveignez point cet instrument baroque rauque qui nous fait trembler tous .,instrument,ADJ,amod,
other,un jour donc que siméon n'était pas triste il entre dans une boutique pleine de vessies en prend une et après y avoir ajusté un tuyay de plume et divers chalumeaux il s'en va dans un carrefour de la ville et joue publiquement de son baroque instrument .,instrument,ADJ,amod,
other,l'absolution conférée par un prêtre sans approbation de l'évêque est invalide et de nul effet c'est l'inductin la plus baroque et la plus absurde qu'on puisse imaginer n'ayant aucune liason avec le principe établi d'où on l'infére .,inductin,ADJ,amod,
other,ses autres ouvrages ont été admirés des uns comme ayant la noble simplicité de l'antique et critiqués des autres comme portant les traits d'une imagination baroque et contraire au bon goût .,imagination,ADJ,amod,
other,cette idée baroque fait faire une action dangereuse à ceux qui en sont imbus .,idée,ADJ,amod,
other,cette réflexion qui a fait toujours sur mon esprit une impression plus vive que les trames les complots et les conjurations dont on nous fatigue depuis long-temps n'a pas agi avec la même force sur l'âme de nost représentants cars ils n'hésiteroient pas à nous donner un papier national et ils auroient résisté à l'idée baroque et mal faisante de fondre notre argenterie nos boucles et nos saintes-vierges .,idée,ADJ,amod,
other,dussiez vous cependant trouver mon idée baroque je ne suis point fait pour dissimuler avec vous .,idée,ADJ,amod,
other,et je protette à la face de la nation qu'aucun de nous n'en porta jamais de cette couleur ni n'eut même l'idée baroque d'en porter .,idée,ADJ,amod,
other,le docteur se mettroit peut-être de mauvais humeur et se fâcheroit si l' on vouloit s'égayer et rire de son idée baroque .,idée,ADJ,amod,
other,mais il me semble qu'il est vraisemblable et qu'il donne un fondement raisonnable à cette idée baroque .,idée,ADJ,amod,
other,messieurs les inamovibles du régiment de guyenne se sont mis dans la tête une idée tout-à-fait baroque .,idée,ADJ,amod,
other,néanmoins il entre ce peu de caractéres il s'en trouve seulement un de chaque côté qu'elle puisse unir c'en est fait elle les allie et en forme une idée baroque qui pourra lui representer un livre soit même son existence à rome et pourtant à paris et cetera .,idée,ADJ,amod,
other,on doit cependant regarder comme une idée baroque l'homme qui est culbuté dans un coin du tableau et dont on ne voit que les jambes le reste étant supposé hors de la toile .,idée,ADJ,amod,
other,mais les suisses ne sont point constipés et ils sont d'un bien meilleur tempérament encore et je ne conçois pas ce qu'on prétend gagner à recuire et à distiller une humeur baroque pendant huit ou quinze jours .,humeur,ADJ,amod,
other,lorsque otus furent placés commodément le médecin de mon père fit une histoire baroque de la maladie depuis sa naissance jusqu'à ce jour .,histoire,ADJ,amod,
other,suivant l'histoire baroque de cet emprisonnement la pacha feignit de consentir à la demande des mutins à condition qu'il tenteroit encore une fois une sortie générale .,histoire,ADJ,amod,
other,au milieu de cette foule de grands hommes qui croiroit que la nobile direzzione de milan se soit adressée à un allemand à un barbare au chevalier gluck enfin qui selon plusieurs connaisseurs de café n'a ni chant ni mélodie n'a qu'une harmonie baroque et criarde un style tudesque usé raboteux qui n'a aucune réputation en italie et n'y a eu aucun succès .,harmonie,ADJ,amod,
other,n'a qu'une harmonie baroque et criarde un style tudesque usé raboteux qui n'a aucune réputation en italie et n'y a eu aucun succès .,harmonie,ADJ,amod,
other,les lettres n'étant faites que pour l'amusement des peuples ce genre baroque y contribuoit tout aussi bien que les genres à prétention .,genre,ADJ,amod,
other,huit sujets de danse joueur d'instrument genre baroque peint en mignature d'un beau faire .,genre,ADJ,amod,
other,quelques artistes se sont élevés contre ce genre baroque mais la multitude ignorante a conservé ses préjugés et suivi le torrent .,genre,ADJ,amod,
other,des cazeaux des granges m demeurant à londres a traduit de l'anglois en français baroque la prétendue veuve et composé dans le même style la femme jalouse .,français,ADJ,amod,
other,les noms classiques d'amaryllis de silvie de mirthille frappent d'étonnement dans la foule baroque de plantes obscures et sans propriétés comme hemerocalle macre arroche .,foule,ADJ,amod,
other,il a la fantaisie baroque de jouer un rôle dans la grande tragédie sans cannoniers sans artilleurs .,fantaisie,ADJ,amod,
other,le procès de m le comte de guines a effetivement été jugé avant hier au châtelet d'une façon très baroque .,façon,ADJ,amod,
other,et que cette expression baroque veut dire jusqu' au dernier soupir .,expression,ADJ,amod,
other,expression baroque comune en certaines provinces .,expression,ADJ,amod,
other,l'épaule le coude et la main forment souvent un triangle vertical ce qui la fait pagoder si j'ose créer cette expression baroque mais qui rend ma pensée .,expression,ADJ,amod,
other,traiter d'emblée est un expression baroque .,expression,ADJ,amod,
other,mais voyant ensuite comme moi que cette hypothèse ne pouvoit satisfaire qu'à quelques cas particuliers il en vient à l'explication la plus baroque .,explication,ADJ,amod,
other,c'est chez la marquise de felcourt que j'ai entendu le concert dont l'éxécution baroque m'a fourni le détail que je viens de vous faire .,éxécution,ADJ,amod,
other,disons doc que si le saint était monliniste loin de le regarder comme le plus grand génie qu'il y ait eu il faut le regarder au contraire comme l'esprit le plus baroque et le plus de travers .,esprit,ADJ,amod,
other,il faudroit avoir l'esprit bien baroque pour soutenir que l'électeur palatin se soit laissé subjuguer par une crainte ou surprendre par les manéges du cabinet de vienne .,esprit,ADJ,amod,
other,mais comme c'est un esprit baroque il voudroit de l'extraordinaire et il m'a chargé de lui chercher un poète et un musicien .,esprit,ADJ,amod,
other,n'y a-t-il pas aussi un peu d'âcreté dans ce que vous dites de m le miere dont vous blâmez l'esprit baroque et le peu de goût .,esprit,ADJ,amod,
other,oh lui c'est un esprit baroque dont nous rendrons bon compte .,esprit,ADJ,amod,
other,sais-tu qu'en honneur ces français ont une tournure d'esprit baroque .,esprit,ADJ,amod,
other,si je ne m'y rends pas traitez moi d'esprit baroque de mauvais raisonneur .,esprit,ADJ,amod,
other,toujours dans le plaisir je vis dans ma bicoque je n'y reçois jamais aucun esprit baroque .,esprit,ADJ,amod,
other,quittés le baroque esclavage qu'elle vous impose .,esclavage,ADJ,amod,
other,alors je jetai pour la première fois les yeux sur ce valet si apprivoisé et je reconnus malgré un équipage tout-à-fait baroque l'abbé de gaudigny neveu de notre abbesse .,équipage,ADJ,amod,
other,il fit une enterprise baroque .,enterprise,ADJ,amod,
other,c'est pourquoi ils ont imaginé une écriture baroque illisible dont tous les caractères sont extrêmement gros et étendus .,écriture,ADJ,amod,
other,la beauté sans manière offre un éclat baroque et l'esprit sans jargon est d'un bourgeois qui choque .,éclat,ADJ,amod,
other,mais quelque chinois que soient les chinois il n'est pas possible qu'ils fassent usage d'une échelle si baroque .,échelle,ADJ,amod,
other,reponse du chevalier à cet argument par la distinction baroque et confuse des causes matérielle et formelle efficient et finale .,distinction,ADJ,amod,
other,voilà déjà une distinction assez baroque et qui pourroit bien déceler un petit coup de marteau .,distinction,ADJ,amod,
other,on est d'abord étonné de voir une disposition si baroque et si peu propre à faire honneur aux talents du vice grand maitre .,disposition,ADJ,amod,
other,je veux pourtant chanter de ma voix rauque ce valory ce fameux champion qui par l'effet de son destin baroque des prussiens fut le palladion et pour lequel se fit mainte blessure quand les housards fins et rusés matois de l'enveler essayant l'aventure autour du camp venaient en tapinois .,destin,ADJ,amod,
other,je veux pourtant chanter de ma voix rauque ce valory ce fameux champion qui par l'effet de son destin baroque des prussiens fut le palladion .,destin,ADJ,amod,
other,refusons plutôt au grecs toute espèce d'harmonie que de leur attribuer une désinence harmonique de cette espèce désinence plus baroque que notre ton du quart et notre tierce de picardie .,désinence,ADJ,amod,
other,rosanie est dans le genre de la féerie et avec tout l'appareil du merveilleux ne présent qu'une intrigue très commune et un dénouement baroque dénué de sens commun .,dénouement,ADJ,amod,
other,c'est en effet ce qui se pratique lorsque le conseil d'état se relâchant du despotisme odieux qu'il exerce ouvertement sur les communautés sur l'injuste prétexte d'un droit imaginaire auquel il a donné la baroque dénomination de droit de haute police il ne leur ferme pas la porte de justice en leur refusant net le secours des tribunaux et les jugeant prévotablement .,dénomination,ADJ,amod,
other,de là il tombe à corps perdu comme du troisième ciel sur son prêche qui n'est qu'une course baroque par monts et par vaux .,course,ADJ,amod,
other,d'où l'on pouroit conclure qu'il auroit trompé ce prince qu'il se seroit moqué de lui en lui faisant présent d'un copie aussi baroque aussi informe .,copie,ADJ,amod,
other,dites vous monsieur de ce conte baroque .,conte,ADJ,amod,
other,je ne crois pas qu'il puisse y avoir une construction plus baroque que celle de ces vers .,construction,ADJ,amod,
other,la bonne grace du pitaut reparoit assez le défaut de sa construction baroque et les peu séduisants appas du nez camus n'invitoient pas a profiter de l'équivoque .,construction,ADJ,amod,
other,comment ne pas rire de ces anglais si fiers de leur constitution baroque royale mobiliaire aristocratique et qui nous dénigrent lorsque nous travaillons à nous en donner une ui doit nous garantir de tout le mal qu'ils nous reprochent d'avoir fait et nous guérir de celui que nous ont fait les rois dont ils sont encore les rampans idolatres .,constitution,ADJ,amod,
other,je suis persuadé qu'il n'y eut tout au plus que quelques vieilles qui trouverent bonne cette consequence et que toutes les jeunes au contraire auroient souhaité de tout leur coeur de faire une fréquente expérience du principe dont le prédicateur avoit tiré sa conclusion baroque .,conclusion,ADJ,amod,
other,ils exécutaient des morceaux très difficiles sans clopiner le moins du monde et l'entrepreneur de ce concert baroque me dit qu'il se faisoit fort de styler en six mois par la méthode en question quarante sujets qui ne fussent pas la musique en fixant l'attention du monotone à un seul ton à exécuter à livre ouvert les morceaux de musique les plus difficiles .,concert,ADJ,amod,
other,je lui dirai ma façon de penser avec modération et je me dirai que je ne dois pas être excepté de la nombreuse classes de ceux qui fonts des ingrats quoiqu'il en soit voilà une bonne affaire finie que l'acuittement de ce compte baroque .,compte,ADJ,amod,
other,termes prétieux que l'on ne prononce point sans pincer les lèvres assortiments monstrueux des grotesques de la néologie et le comportement baroque le métalent ridicule la bouffissure éfarée du jargon à la mode .,comportement,ADJ,amod,
other,il y auroit encore bien d'autre choses à apprendre à m m comme à ne pas faire de comparaison aussi baroque que celle d'un médecin et son malade avec un cocher et ses chevaux à se désier de ses idées auprès des malades à disserter moins et à s'entendre mieux .,comparaison,ADJ,amod,
other,si la comparaison baroque du médecin de saint germain avec le médecin de cos faite au même endroit était proposable ce ne pourroit être à cause de la médecine originale du premier .,comparaison,ADJ,amod,
other,elle n'aurait pas été capable de faire un choix si baroque .,choix,ADJ,amod,
other,le tout fut accompagné par une musique ou chant chinois fort baroque et des plus désagréables quoique cadencé ou mesuré et qu'ils exécuterent principalement devant la couleuvre en lui faisant faire en même temps différents mouvements très singuliers .,chant,ADJ,amod,
other,admirable dans un petit nombre de scènes mauvais presque partout ailleurs ce qui est peut-être autant la faute du genre que la sienne car c'est souvent pour avoir trop voulu s'asservir à la déclamation qu'il a rendu son chant baroque et ses transitions dures .,chant,ADJ,amod,
other,car c'est souvent pour avoir trop voulu s'asservir à la déclamation qu'il a rendu son chant baroque et ses transitions dures .,chant,ADJ,amod,
other,un oiseau dont la voix est rauque peut il d'un chant aussi baroque vous faire ouir de médiocres sons .,chant,ADJ,amod,
other,cette cérémonie baroque a duré trois heures .,cérémonie,ADJ,amod,
other,nous y vîmes une cérémonie baroque .,cérémonie,ADJ,amod,
other,amelot qui le savoit bien lui demanda pourquoi il ne s'était pas contenté de censurer en gros quelques propositions de quesnel qu lieu de faire une censure baroque de cent et une .,censure,ADJ,amod,
other,quelque censeur baroque qui demande du goût de la précision et de la vrai semblance par tout trouvera peut-être cette exhortation beaucoup trop longue pour un mourant .,censeur,ADJ,amod,
other,c'est un caractère baroque .,caractère,ADJ,amod,
other,car quelles oreilles autres que celles d'un physiologiste ou d'un anatomiste familiarisés avec les phrases tirées du grec pourroient patiemment supporter l'articulation baroque du moins par rapport à notre langue des mots cricoïdes geniohydiens stylo cerato-hydiens nio-hyoïdiens milo-hyoïdiens coraco-certo-hyoïdiens pharo-gastophilins employés pour désigner les fonctions des divers muscles qui concourent à la déglutition .,articulation,ADJ,amod,
other,cet arrangement baroque fut accepté .,arrangement,ADJ,amod,
other,mais quel arrangement baroque dans ces expressions .,arrangement,ADJ,amod,
other,adieu m le démonstrateur avec votre démonstration je vous jure que si vous avez voulu me démonstrer la confusion de vos idées et le néant de votre système vous avez parfaitement réussi dans votre argument baroque que vous venez afficher ici pour une démonstration .,argument,ADJ,amod,
other,après cet argument baroque chacun opine de la toque .,argument,ADJ,amod,
other,ces trois termes font un argument baroque auquel un sauvage n'est pas en plus état de résister qu'un huguenot .,argument,ADJ,amod,
other,d'où l' on tire un argument baroque pour prouver que tous les hommes sont obligés de subir la circoncision .,argument,ADJ,amod,
other,lorsque je voyois que le sommeil alloit rallentir leur feu je poussois de mon palanquin un argument aussi baroque que leurs faces .,argument,ADJ,amod,
other,après quoi un chanteur aussi du premier ordre nous heurla avec des nazonnemens insupportables l'air le plus mélancoliquement baroque qu'il soit possible d'entendre .,air,ADJ,amod,
other,il chante l'air le plus baroque et le plus ancien .,air,ADJ,amod,
other,on appelle un homme de goût un homme qui sait les vaudevilles du temps et qui les a de la première main qui fait quelquefois une parodie sur un air baroque que la protection d'une femme a mis à la mode .,air,ADJ,amod,
other,on s'embarrasse très peu que le pièce soit bonne ou mauvaise pourvû qu'en sortant du spectacle et en pirouettant sur un talon rouge on puisse frédonner quelques mesures d'un air bien baroque qui n'ait pas la moindre analogie avec les paroles .,air,ADJ,amod,
other,il est vrai qu'il a l'accent un peu baroque aussi bien que nous .,accent,ADJ,amod,
other,le titre en est très baroque et très long .,titre,ADJ,nsubj,
other,mais en conscience convenez donc que la tendresse des vieilles gents est baroque .,tendresse,ADJ,nsubj,
other,la phrase en elle même est baroque .,phrase,ADJ,nsubj,
other,la musique qui est du sieur rameau est à son ordinaire baroque et fort médiocre dans le cours de la pièce mais admirable dans les choeurs .,musique,ADJ,nsubj,
other,le mérite est toujours baroque .,mérite,ADJ,nsubj,
other,l'ancienne manière de placer les pelotons et compagnies dans le bataillon était assez baroque et n'était fondée sur aucune raison qui méritât quelque considération .,manière,ADJ,nsubj,
other,cette loi seroit baroque en ce qu'elle permettroit à un ecclésiastique d'avoir trente mille livres de revenu en un seul bénéfice et ne lui permettroit pas d'avoir en deux ou plusieurs bénéfices plus de trois mille livres .,loi,ADJ,nsubj,
other,cette loi seroit encore baroque dans le cas où ecclésiastique très propre à l'état de curé désirant même de se rendre utile dans l'état pastoral et possesseur d'un bénéfice simple plus riche que la plupart des cures seroit nommé curé d'un paroisse .,loi,ADJ,nsubj,
other,figaro se pique d'être grammairien quoique son langage soit souvent baroque et qu'en se servant de termes didactiques il les estropie par fois je le lui pardonne .,langage,ADJ,nsubj,
other,l'intrigue des comedies est souvent aussi baroque et aussi monstrueuse que celle des pièces tragiques .,intrigue,ADJ,nsubj,
other,votre rameau il est sec il est sauvage il n'a jamais su arranger un partition il n'a jamais de chant son harmonie est si baroque si revêche .,harmonie,ADJ,nsubj,
other,les seconds que cela choque disent que gluck est baroque qu'en france avant son époque le vrai beau se décida .,Gluck,ADJ,nsubj,
other,les seconds que cela choque disent que gluck est baroque .,Gluck,ADJ,nsubj,
other,la frase en elle même est baroque .,frase,ADJ,nsubj,
other,il seroit plus en état qu'un autre de remplacer par là le défaut de talent et de génie si cet esprit était moins baroque et qu'il fut accompagné de plus de goût .,esprit,ADJ,nsubj,
other,nous ne dissimulerons pas qu'il seroit plus en état qu'aucun autre de remplacer par là le défaut de poésie et de versification si cet esprit était moins baroque et dirigé par un goût plus sur et plus exercé .,esprit,ADJ,nsubj,
other,cette écriture est si baroque qu'on pourroit la lire en vingt façons différentes .,écriture,ADJ,nsubj,
other,au surplus une ortographe ridicule et une composition bizarre forment tout ce qu'il y a de remarquable dans cet ouvrage où comme dans les autres productions de m de la bretonne l'auteur n'a été que baroque en se persuadant qu'il était original .,auteur,ADJ,nsubj,
pearl,une perle de bel orient forme un peu baroque deux percés en deux endroits pesant quarante neuf grains trois seizes ou douze karats sept seizes estimée cinq cents livres .,forme,ADJ,-,
pearl,une perle forme losange un peu baroque ayant plusieurs ondulations sous le dessous percée à deux endroits de bel orient pesant 41 grains deux seizes ou dix karats six seizes estimée quatre cents livres .,-,ADJ,-,
pearl,une perle d'orient un peu nacreuse ovale un peu baroque étant percée à deux endroits pensant quatre huit grains ou douze karats septs seizes estimée cinq cents livres .,-,ADJ,-,
pearl,une perle de bel orient forme en poire un peu baroque et percée pesant soixante six grains deux seizes ou  seize karats dix seize estimé huit cents libres .,-,ADJ,-,
pearl,une perle de bel orient forme en poire un peu baroque un fort cran dans la partie du haut et un peu matte dans celle du bas percée pesant cinquante-quatre grains deux seizes ou treize karats dix seizes estimées quatre cents livres .,-,ADJ,-,
pearl,une perle de bel orient forme ovale baroque ayant une côte et percée pesant soixant douze grains trois seizes ou dix huit karats trois seizes estimée douze cents livres .,-,ADJ,-,
pearl,ainsi nous disons perle en pointe ou en poire perle ronde perle ovale perle baroque .,perle,ADJ,amod,
pearl,covarruvias au mot barrueco dit que ce mot espagnol qui signifie une perle baroque a été fait du latin verruca à cause de la ressemblance de ces perles à des verrues .,perle,ADJ,amod,
pearl,qu'est-ce que borneo au prix de bisnagar et quelle comparaison y a-t-il entre une perle baroque et une perle parfaite .,perle,ADJ,amod,
pearl,tympania de pline est une espèce de perle baroque que nos joalliers nomment tambourins elle a la figure d'une tymballe .,perle,ADJ,amod,
pearl,une perle baroque d'une volume extraordinaire creusée en forme de flacon et ornée d'un couvercle et d'une chaine d'or .,perle,ADJ,amod,
pearl,une perle baroque et de vilaine eau de quelque poids qu'elle soit ne sauroit valoir la fameuse pèregrine .,perle,ADJ,amod,
pearl,une perle baroque très joliment montée en or émaillé .,perle,ADJ,amod,
pearl,une perle d'orient un peu nattée forme baroque doux ayant des ondulations une gersure un peu jaunâtre et percée pesant cinquante-deux grains deux seizes ou treize karats deux seizes estimée cinq cents livres .,forme,ADJ,amod,
unclear,arrivé à ce château j'en examinai la structure qui me parut assez baroque pour me dispenser d'en faire ici la description .,structure,ADJ,-,
unclear,cette maison est de bois et domine par dessus toutes les autres sa structure est très singulière et baroque l'escalier est en dehors .,structure,ADJ,-,
unclear,elle n'est pourtant ni bizarre ni baroque .,poésie,ADJ,-,
unclear,des vaisseaux peints font un hémistiche dur et baroque .,hémistiche,ADJ,-,
unclear,des effets contraires ne pourroient donc nous montrer rien que de dur de désagréable de difforme de hideux enfin d'effroyable et ces effets ne peuvent être causés que par des objets d'une figure irrégulière baroque pour par un composé monstreux et disproportioné de différentes figures .,figure,ADJ,-,
unclear,pour ma figure tout ce monde qui est dans votre salle décidera en ma faveur qu'elle n'est pas si baroque que la votre .,figure,ADJ,-,
unclear,au milieu du palais royal en voit une grande redoute dont l'éxtérieur est chinois ou baroque .,éxtérieur,ADJ,-,
unclear,en dehors baroque le canard de montagne et ornements bien étoffés le bord inférieur en mosaïque .,-,ADJ,-,
unclear,la larve de la frigane ressemble à celle de la perle et se construit comme elle un fourreau composé de matières si différentes que rien n'est plus baroque pour la figure .,-,ADJ,-,
unclear,pour parvenir à la terrasse qui est au dessus de la grotte il faut monter dans la ville même de polignano qui est aussi baroque et aussi laide que sale .,-,ADJ,-,
unclear,rien n'est plus singulier que de voir la frigane se promener ainsi dans l'eau avec ce fourreau que les matières dont il est couvert rendent très baroque pour sa figure .,-,ADJ,-,
unclear,tout ce qu'il y a de plus baroque dans les couleurs les formes les attitudes chinoises voilà ce qu'il faut avoir si l'on se pique de goût et d'élégance .,-,ADJ,-,
unclear,tout ce qu'il y a de plus baroque dans les couleurs les formes les attitudes chinoises .,-,ADJ,-,
unclear,il me semble aussi que vous avez les yeux plus petits et plus éraillés le nez plus épaté le menton plus long la bouche plus ouverte et tout le visage un peu plus baroque que votre portrait .,visage,ADJ,amod,
unclear,le nez plus épaté le menton plus long la bouche plus ouverte et tout le reste du visage un peu plus baroque que votre portrait .,visage,ADJ,amod,
unclear,mais j'ai le visage si baroque .,visage,ADJ,amod,
unclear,voilà un visage bien baroque .,visage,ADJ,amod,
unclear,quelquefois même le tour baroque de sidoine apollinaire .,tour,ADJ,amod,
unclear,le malheureux succès de ce baroque tableau de nos arts les justes reproches qu'il a attirés à l'auteur ne l'ont pas empêché de nous jeter tout récemment à la tête un autre livre de la même taille et dans le même goût .,tableau,ADJ,amod,
unclear,grace à l'abbaye de cambron qui a repris son tabernacle baroque .,tabernacle,ADJ,amod,
unclear,mais loin que cette superficie un peu baroque qui est cependant sans aucune aspérité soit nuisible à aucun égard elle est très utile pour faire tenir le pessaire en place lorsqu'il a été une fois bien placé .,superficie,ADJ,amod,
unclear,il vouloit dans son style baroque donner des entorses et du louche à mes réponses .,style,ADJ,amod,
unclear,ils faisoient plus de cas du style baroque des douze tables que de l'élégance du beau siècle d'auguste .,style,ADJ,amod,
unclear,ils regardent seulement l'apocalypse de saint jean qu'ils appellent dans leur style baroque la vision de jean abukalamse comme ajoutée au canon .,style,ADJ,amod,
unclear,godwin sand est un grand banc de structure fort baroque qui s'étend à peu près nord nord est et sud sud ouest environ trois lieuse et demie et dont la partie du sud appellée south-sand-head est à une lieure un tiers au nord-est de south-forelenad et à même distance de la côte de deal .,structure,ADJ,amod,
unclear,il protege avec droit comme simple animal promettant un mari nullement équivoque de qui la structure baroque dispense un épouse d'aimer et cela sans délai .,structure,ADJ,amod,
unclear,leur structure baroque leur a fait donner le nom de petit paysan .,structure,ADJ,amod,
unclear,une plante baroque arrivée de la côte de malabar et bien inférieure aux végétaux de nos prairies donnoint matière à des dissertations ridicules qui duroient des après diners entières .,plante,ADJ,amod,
unclear,il ne s'agiroit que de trouver quelque physionomie baroque bien ridicule bien maussade bien vilaine .,physionomie,ADJ,amod,
unclear,un diamant blanc cristallin hors d'oeuvre baroque .,oeuvre,ADJ,amod,
unclear,on n'avoit tenu compte des remarques des connaisseurs et l' on s'attendoit à voir incessamment ce monument baroque lorsqu'il paraît décidé aujourd'hui qu'il n'aura pas lieu et qu'on va détruire tout ce qu'on a fait .,monument,ADJ,amod,
unclear,si j'avois voulu être cet homme baroque j'aurois été dans un des coins de versailles pour le moins aussi grand personnage que le cher de buffy ragotin .,homme,ADJ,amod,
unclear,comment un aussi joli homme que lui a t il été choisir un habillement aussi baroque .,habillement,ADJ,amod,
unclear,le prince était honteux de paraître devant sa maîtresse sous une forme si baroque .,forme,ADJ,amod,
unclear,qu'est ce que tant d'autres lits de forme baroque et d'origine étrangère que nous n'avons pas rougi d'emprunter à des turcs à des polonois à des italiens .,forme,ADJ,amod,
unclear,au milieu de l'estrade était placé une espèce d'autel carré lequel portoit une niche de forme semi circulaire contenant plusieurs figures baroqueS d'argile toutes peintes et fortement dorées .,figure,ADJ,amod,
unclear,car monsieur ne vous en déplaise grace à ma chargej'en avois un bon nombre malgré ma figure baroque .,figure,ADJ,amod,
unclear,ce qui donne au tout une figure baroque .,figure,ADJ,amod,
unclear,elle est dit m l'abbé favart d'une figure baroque dans toutes ses parties garnie de six côtes longitudinales chargées plus ou moins de feuillages irréguliers déchiquetés de couleur brune aplatis et obtus principalement à la rangée qui borde la levre et où ces feuillages se prolongent en forme de pattes de crapaud .,figure,ADJ,amod,
unclear,nous l'appellerions en français une outre et pour dire la verité sa figure baroque qui ressemble un peu à celle d'une cruche à deux cols n'invite point à fiare connaissance avec lui .,figure,ADJ,amod,
unclear,on observera ici qu'on ne prescrit les cerceaux que pour les seuls arbres de figure baroque qui poussent follement .,figure,ADJ,amod,
unclear,qu'y a-t-il de nouveau demande son altesse à cette figure baroque .,figure,ADJ,amod,
unclear,regardez sa figure baroque .,figure,ADJ,amod,
unclear,sa bouche est extrêmement étroite et d'une figure baroque .,figure,ADJ,amod,
unclear,toutefois on observe que les cerceaux ne sont nécessaires que pour les seuls arbres de figure baroque qui possent follement .,figure,ADJ,amod,
unclear,un figure baroque .,figure,ADJ,amod,
unclear,ils avoient tous des habit magnifiques mais avec cela des faces si baroqueS que je crus voir une troupe des signes vêtus à l'espagnole .,face,ADJ,amod,
unclear,quand on pourroit détruire tous ces êtres baroqueS et risibles l'amusement des oisifs qu'y gagneroit la société .,être,ADJ,amod,
unclear,pour connaître le pouvoir de l'amour il faut observer son effet sur deux êtres de cette espèce baroque .,espèce,ADJ,amod,
unclear,il se forme ainsi des pont des arcades des crevasses des lames des pointes des entassements baroqueS .,entassement,ADJ,amod,
unclear,les femmes y sont esclaves de la mode leurs coiffures ressemblent par fois à des édifices baroqueS où divers objets paraissent dans une confusion totale que quelques méchants prétendent image fidèle de têtes dont la frivolité surpasse presque toujours la beauté .,édifice,ADJ,amod,
unclear,dans cet édifice baroque elles se promenent dans l'eau où elles se nourrissent de plantes aquatiques .,édifice,ADJ,amod,
unclear,enfin la figure cinq représente un autre assemblage de dessins baroqueS .,dessin,ADJ,amod,
unclear,mais de façon qu'auprès avoir bien compris les moyens dont on doit se servir pour rendre ces dessins on soit en état d'exécuter tous les dessins les plus baroqueS .,dessin,ADJ,amod,
unclear,on n'y voyoit en général que des grandes et longues allées à perte de vue des parterres galonés de buis et formant les dessins les plus baroqueS .,dessin,ADJ,amod,
unclear,aux chartreux à s ferréol aux carmelites à s martin des tableaux des plus grands maîtres et quelques-uns peints par les derniers comtes d'anjou d'un dessin assez baroque .,dessin,ADJ,amod,
unclear,et ces toiles ont encore été dans l'antiquité comme de nos jours chargées d'un dessin baroque de chimères et d'êtres fantastiques .,dessin,ADJ,amod,
unclear,je connais une infinité de gents qui sont passionnés pour les desseins baroqueS pour la difficulteuse musique italienne qui est du même genre .,dessin,ADJ,amod,
unclear,les suisses ont donc grand tort de défigurer leurs femmes par une coutume aussi baroque .,coutume,ADJ,amod,
unclear,un cercle une infinité d'ellipses et une infinité de courbes baroqueS .,courbe,ADJ,amod,
unclear,malgré l'aspect général de la rudesse de la multitude le costume baroque un peu cynique .,costume,ADJ,amod,
unclear,son air sournois son ton malin sa barbe épaisee et noire ses cheveux crépus et en désordre sa taille courte ramassée et nerveuse son costume baroque sans être délabré tout cela ne lui donnait pas mal de ressemblance avec les honnêtes compagnons de la caverne de gilblas .,costume,ADJ,amod,
unclear,il est d'une construction assez baroque et composé de trois frontons .,construction,ADJ,amod,
unclear,il est représenté planche i il est d'une construction assez baroque et composé de trois frontons .,construction,ADJ,amod,
unclear,les huit oeuvres qu'il a donnés avant ce dernier livre l'on rendu assez célèbre et il n'est pas à craindre qu'il tombe dans l'oubli tant que l'on conservera le goût du vrai beau et que l'on préférera une musique qui exprime des sentiments et des idées à des compositions baroqueS dont presque tout le mérite consiste dans un peu de brillant et beaucoup de difficulté .,composition,ADJ,amod,
unclear,il croira cette pièce de poésie d'une composition aussi baroque que décousue .,composition,ADJ,amod,
unclear,j'avoue cependant que dans cette baroque composition il se rencontre par fois des passages extrémement plaisants qui méritent même d'être recherchés .,composition,ADJ,amod,
unclear,une chose aussi baroque ne peut être regardée que comme un caprice ou un rêve d'architecte que l'on n'auroit pas hazardé dansun palais .,chose,ADJ,amod,
unclear,mais le mal est qu'il emploient les matériaux les plus précieux pour élever des édifices mesquins et que les copies qu'ils font des plus beaux tableaux se réduisent à des caricatures baroqueS .,caricature,ADJ,amod,
unclear,c'est nous dit-on un roman dénué de toute vraisemblance parsemé de caractères baroqueS inondé d'un radotage insipide où la monotonie des incidents .,caractère,ADJ,amod,
unclear,entre cet ouvrage et un roman dénué de toute vraisemblance parsemé de caractères baroqueS inondé d'un radotage insipide .,caractère,ADJ,amod,
unclear,il portoit sur le front sur les joues et la poitrine trente deux caractères fort baroqueS .,caractère,ADJ,amod,
unclear,il portoit sur le front sur les joues et sur la poitrine trente deux caractères fort baroqueS .,caractère,ADJ,amod,
unclear,j'oubliois de vous parler d'un monument égyptien très fameux de la table isiague qu'on voit dans une des salles et dont les caractères baroqueS et peut être fort indifférents ont tant exercé les antiquaires .,caractère,ADJ,amod,
unclear,mais la raison décidera sans être de l'avis de ceux qui veulent que ce n'est qu'un roman dénué de toute vraisemblance parsemé de caractères baroqueS inondé d'un radotage insipide .,caractère,ADJ,amod,
unclear,on rapporte l'histoire d'un buste d'isis qu'on disoit très ancien et sur lequel on voyoit trente caractères fort baroqueS .,caractère,ADJ,amod,
unclear,quelle comparaison entre cet ouvrage et un roman dénué de toute vraisemblance parsemé de caractères baroqueS inondé d'un radotage insipide .,caractère,ADJ,amod,
unclear,quelle comparaison dit il entre cet ouvrage et un roman dénué de toute vraisemblance parsemé de caractères baroqueS inondé d'un radotage insipide un roman où la monotonie des incidents .,caractère,ADJ,amod,
unclear,avec un caractère aussi baroque qu'est le tien on ne peut ni te donner des avis ni te plainder ni te souhaiter un herueux succès .,caractère,ADJ,amod,
unclear,écoutez vieille guenon c'est belphegor que j'invoque pour décrire la bicoque du caractère baroque que vous a donné pluton .,caractère,ADJ,amod,
unclear,aussi l'on a vu s'introduire dans l'uniforme des armées russes toutes les couleurs du blason réunies avec celles du caprice français dans les assortiments les plus baroqueS .,assortiment,ADJ,amod,
unclear,de ses rêves dit-on l'assemblage baroque n'attaque rien de grave une ville une époque un type de médaille un vers grec ou latin .,assemblage,ADJ,amod,
unclear,je défie qu'on imagine un assemblage plus baroque .,assemblage,ADJ,amod,
unclear,la maison du gouverneur est un assemblage baroque d'édifices bâtis les uns après les autres et de divers ordres d'architecture .,assemblage,ADJ,amod,
unclear,pour former de mes traits le baroque assemblage le pinceau le plus sur n'auroit fait que blanchir .,assemblage,ADJ,amod,
unclear,quelle apparence y avoit it d'intéresser le bon goût des français à un assemblage baroque de choses également étranges et ridicules .,assemblage,ADJ,amod,
unclear,tout cela forme un assemblage baroque d'un mauvais style et d'un mauvais effet et ne donne guère l'idée de ces superbes tombeaux qu'élevoient les agrigentins non seulement à leurs princes à leurs principaux citoyens et à tous les particuliers riches mais encore à des chiens et à des oiseaux triste fruit de l'oisiveté et de l'excessive abondance où ils vivoient .,assemblage,ADJ,amod,
unclear,ne vois tu pas qu'on se moque et que ton aspect baroque n'offre plus rien qui ne choque richelieu fuis enfin .,aspect,ADJ,amod,
unclear,amas baroque et cahos éblouissant d'esprit et de pointes .,amas,ADJ,amod,
unclear,il a publié une suite très considérable d'hommes et de femmes illustres de ce siècle avec beaucoup d'accessoires baroqueS et de figures allégoriques .,accessoire,ADJ,amod,
unclear,j'y réussis non sans quelque sorte de peine pour faire monter la ligature tout en haut parce que la tumeur était comme baroque tant elle était couverte de tubérosités .,tumeur,ADJ,nsubj,
unclear,plus un tour était baroque plus celui qui croyoit avoir rencontré la vraie façon de le rendre se faisoit valoir .,tour,ADJ,nsubj,
unclear,ce style est assurément plus baroque que les figures de l'hermite et des capucins dont il parle en crocheteur et sans aucun ménagement .,style,ADJ,nsubj,
unclear,enfin le style en est tout-à-fait baroque voice un des canons .,style,ADJ,nsubj,
unclear,d'où il est résulté que le plan de ce château est très baroque quoiqu'il soit assez orné à l'extérieur dans le goût de l'architecture du seizième siècle .,plan,ADJ,nsubj,
unclear,il y a dit-elle dans cette maison un rendiez-vous de portes insupportable les meubles y sont à la papillote et le pavé de la cour est très baroque .,pavé,ADJ,nsubj,
unclear,l'ouverture est encore plus baroque par son irrégularité et par les diverses apophyses qui en ferment en partie l'entrée et dont la lèvre et al columelle sont garnies .,ouverture,ADJ,nsubj,
unclear,l'ordre dans le quel ces deux corps sont disposés est assez baroque et pourroit être plus juste et plus juditieux car si on vouloit le suivre dans l'étude de l'histoire on aboutiroit à une confusion de temps de faits et d'idées de al plus pernicieuse conséquence .,ordre,ADJ,nsubj,
unclear,ajoutons encore qu'il semble que plus une mode est baroque plus on lui attache de morgue et de fierté .,mode,ADJ,nsubj,
unclear,son habit est baroque et son visage noir .,habit,ADJ,nsubj,
unclear,un fin connaisseur que nous avons consulté prétend qu'en général ce qu'on appelle véritablement japon a une couverture plus blanche et moins bleuâtre que la porcelaine de chine que les ornements y sont mis avec moins profusion que le bleu y est plus éclatant que les desseins et les fleurs y sont moins baroqueS mieux copiés de la nature .,fleur,ADJ,nsubj,
unclear,les figures de ce tableau sont baroqueS .,figure,ADJ,nsubj,
unclear,ma couleur n'est pas éclatante ma figure est baroque et toujours différente .,figure,ADJ,nsubj,
unclear,un fin connaisseur que nous avons consulté prétend qu'en général ce qu'on appelle véritablement japon a une couverte plus blanche et moins bleuâtre que la porcelaine de chine que les ornements y sont mis avec moins profusion que le bleu y est plus éclatant que les desseins et les fleurs y sont moins baroqueS mieux copiés de la nature .,dessin,ADJ,nsubj,
unclear,et qu'ont produit ces projets chimériques qu'ont enfantés vos baroqueS cerveaux .,cerveau,ADJ,nsubj,