sentence,sense,modified_noun,kinds,musique,form,language,style,decade,1700-1720,kinds_1700-1720,1720-1740,kinds_1720-1740,1740-1760,kinds_1740-1760,1760-1780,kinds_1760-1780,1780-1800,kinds_1780-1800,location,region
les seconds que cela choque disent que gluck est baroque .,other,Gluck,musique,Gluck,,,,1780,,,,,,,,,x,musique,Geneva,Switzerland
n'a qu'une harmonie baroque et criarde un style tudesque usé raboteux qui n'a aucune réputation en italie et n'y a eu aucun succès .,other,harmonie,musique,harmonie,,,,1780,,,,,,,,,x,musique,Naples,Italy
on nous donne quelque menuet baroque .,other,menuet,musique,menuet,,,,1780,,,,,,,,,x,musique,Paris,France
on entendoit quelques pétards puis on se promenoit dans une vaste solitude sous des galeries mal peintes au son d'une musique baroque .,other,musique,musique,musique,,,,1780,,,,,,,,,x,musique,Amsterdam,Netherlands
retournez chez vos compatriotes et leur faites entendre votre musique baroque qui n'a ni sens ni raison .,other,musique,musique,musique,,,,1780,,,,,,,,,x,musique,Liege,Belgium
retournez chez vos compatriotes et leur faites entendre votre musique baroque qui n'a ni sens ni raison .,other,musique,musique,musique,,,,1780,,,,,,,,,x,musique,Paris,France
penser cependant d'une musique qui à nos yeux doit être baroque sans mélodie et sans harmonie et qui cependant parle au coeur des naturels du pays .,other,musique,musique,musique,,,,1780,,,,,,,,,x,musique,Paris,France
on trouva sa musique baroque et barbare .,other,musique,musique,musique,,,,1780,,,,,,,,,x,musique,Paris,France
on accusoit sa musique de n'être que difficile et baroque .,other,musique,musique,musique,,,,1790,,,,,,,,,x,musique,Paris,France
la musique dure et baroque n'est telle que parce que les sons ne sont point fondus .,other,musique,musique,musique,,,,1790,,,,,,,,,x,musique,Paris,France
elles vont toujours en s'élévant de plus en plus et à l'endroit le plus élevé de la chaîne elle est coupée de vallées profondes bordé d'escarpemens dont il s'éleve des sommités de rochers singulièrement déchiquetés dont la forme baroque est occassionée par la décomposition du granit ou pierre de roche dont toutes ces montagnes et la majeure partie de celles de la daurie sont composées .,form,forme,form,,forme,,,1780,,,,,,,,,x,form,Berne,Switzerland
une sardoine de forme baroque parsemée de petits yeux de sardonyx dont les zones sont d'un blanc mat et les prunelles marron .,form,forme,form,,forme,,,1780,,,,,,,,,x,form,Paris,France
la grande moule bleue et celle appelée la tulipe et plusieurs petites moules striées de forme baroque .,form,forme,form,,forme,,,1780,,,,,,,,,x,form,Paris,France
une perle de bel orient forme en poire un peu baroque et percée pesant soixante six grains deux seizes ou  seize karats dix seize estimé huit cents libres .,pearl,forme,form,,forme,,,1790,,,,,,,,,x,form,Paris,France
une perle d'orient un peu nattée forme baroque doux ayant des ondulations une gersure un peu jaunâtre et percée pesant cinquante-deux grains deux seizes ou treize karats deux seizes estimée cinq cents livres .,pearl,forme,form,,forme,,,1790,,,,,,,,,x,form,Paris,France
une perle baroque d'une volume extraordinaire creusée en forme de flacon et ornée d'un couvercle et d'une chaine d'or .,pearl,perle,form,,perle,,,1780,,,,,,,,,x,form,Brussels,Belgium
une perle baroque très joliment montée en or émaillé .,pearl,perle,form,,perle,,,1780,,,,,,,,,x,form,Brussels,Belgium
un perle d'orient forme en poire baroque doux un peu plombée d'un côté pesant vingt cinq grains ou six karats quatre seizes estimée deux cents livres .,pearl,poire,form,,poire,,,1790,,,,,,,,,x,form,Paris,France
je lui fis la révérence et lui dis que j'étais fort sa servante et qu'il fallait aller chez mon maître sur quoi conversation m'a poursuivie en un jargon baroque jusqu'à ce qu'il me perdit de vue .,other,jargon,language,,,jargon,,1780,,,,,,,,,x,language,Berlin,Germany
la philosophie du dogme et des controverses y introduit un langage baroque et néologue qui acheva leur ruine .,other,langage,language,,,langage,,1780,,,,,,,,,x,language,Berlin,Germany
envoyez moi donc je vous prie l'énumération de vos infirmités et de vos misères en termes barbares et en langage baroque et cela avec toute l'exactitude possible .,other,langage,language,,,langage,,1780,,,,,,,,,x,language,Berlin,Germany
leur langage baroque effarouche les graces et fait fuir les amours qui voloient sur leurs traces .,other,langage,language,,,langage,,1780,,,,,,,,,x,language,Paris,France
je vous dirai mon cher ami que je m'exprime plus aisément maintenant dans ce langage baroque et musical que je n'ai jamais fait en français .,other,langage,language,,,langage,,1790,,,,,,,,,x,language,London,London
en un mot c'est un langage si baroque si étrangement néologique qu'on peut assurer qu'un étranger qui saurait parfaitement notre langue et qui lirait couramment nos classiques ne pourrait pas lire un e page de m deleyre sans être arrêté à tout moment et sans demander si l'auteur a parlé français et ce qu'il a voulu dire .,other,langage,language,,,langage,,1790,,,,,,,,,x,language,Paris,France
figaro se pique d'être grammairien quoique son langage soit souvent baroque et qu'en se servant de termes didactiques il les estropie par fois je le lui pardonne .,other,langage,language,,,langage,,1790,,,,,,,,,x,language,Paris,France
mais un mot baroque qu'ils répètent si souvent a enfin forcé mon attention .,other,mot,language,,,mot,,1780,,,,,,,,,x,language,Mannheim,Germany
mais un mot baroque qu'ils répètent si souvent a enfin forcé mon attention .,other,mot,language,,,mot,,1780,,,,,,,,,x,language,Paris,France
un enfant qui sait ce mot baroque est fort instruit pour la société .,other,mot,language,,,mot,,1780,,,,,,,,,x,language,Paris,France
un milord au nom baroque à l'esprit aimable m'a rendu une lettre de votre part .,other,nom,language,,,nom,,1780,,,,,,,,,x,language,Berlin,Germany
c'est un nom si baroque .,other,nom,language,,,nom,,1780,,,,,,,,,x,language,Paris,France
ce nom baroque passoit ci-devant pour désigner une espèce de terre calcaire très fine .,other,nom,language,,,nom,,1780,,,,,,,,,x,language,Paris,France
nom baroque qu'on donne en logique à un syllogisme dont la majeure doit être universelle affirmative la mineure universelle négative et la conclusion particulière négative .,other,nom,language,,,nom,,1780,,,,,,,,,x,language,Paris,France
le nouveau couple commence sa carrière à la sortie de la cage prend maison et un nom qui étant composé des deux moitiés des familles respectives est toujours baroque va à la cour où il est fort fêté brigue des emplois et obtient tout ce qu'il désire parce que ceux qui briguent pour lui sont les maisons d'où il sort .,other,nom,language,,,nom,,1780,,,,,,,,,x,language,Prague,Czech Republic
ceux qui l'ont fait ont imaginé un nom baroque pour cacher celui du véritable auteur et ils le supposent écrit à rome .,other,nom,language,,,nom,,1790,,,,,,,,,x,language,Paris,France
il n'y a pas de plus grand défaut que celui là si ce n'est peut être celui d'un poète baroque qui prend une bizarrerie grotesque pour l'originalité une trivialité bouffonne pour de la gaieté naïve et qui estropiant sans cesse la langue et disloquant la poesie choque à la fois le plus rudement du monde le bon goût le bons sens et l'oreille .,other,poète,language,,,poète,,1780,,,,,,,,,x,language,Paris,France
le titre en est très baroque et très long .,other,titre,language,,,titre,,1780,,,,,,,,,x,language,London,London
c'est titre le plus singulier le plus baroque le plus étrange enfin qui soit peut-être parmi toutes les pièces connues .,other,titre,language,,,titre,,1790,,,,,,,,,x,language,Brussels,Belgium
on en lisoit et l' on en peut lire encore la plus grande partie dans les ouvrages d'arnaud principalement dans l'écrit donné sous le titre baroque de pentalogus diaphoricus .,other,titre,language,,,titre,,1790,,,,,,,,,x,language,Maastricht,Netherlands
les lettres n'étant faites que pour l'amusement des peuples ce genre baroque y contribuoit tout aussi bien que les genres à prétention .,other,genre,style,,,,genre,1780,,,,,,,,,x,style,Paris,France
je sais qu'à force de peine et de travail on peut se faire à toutes ces bizarreries et se familiariser encore avec ce style baroque après s'être familiarisé avec les irrégularités affectées à la langue .,other,style,style,,,,style,1780,,,,,,,,,x,style,Berlin,Germany
écrites d'un style welche et baroque elles présentent des idées louches souvent inintelligibles .,other,style,style,,,,style,1780,,,,,,,,,x,style,London,London
si ce style bizarre et baroque engage d'un côte par sa singularité à rechercher l'ouvrage et le fait vendre plus cher .,other,style,style,,,,style,1780,,,,,,,,,x,style,Paris,France
il faut remarquer que les définitions dans cet ouvrage sont en général très claires et bien éloignées du style baroque et entortillé des jurisconsultes .,other,style,style,,,,style,1780,,,,,,,,,x,style,Paris,France
je sais qu'à force de peine et de travail on peut se faire à toutes ces bizarreries et s'apprivoiser encore avec ce style baroque après s'être familiarisé avec les irrégularités affectées à la langue .,other,style,style,,,,style,1790,,,,,,,,,x,style,Paris,France
il chante l'air le plus baroque et le plus ancien .,other,air,,,,,,1780,,,,,,,,,x,other,Seville,Spain
cet arrangement baroque fut accepté .,other,arrangement,,,,,,1780,,,,,,,,,x,other,London,London
au surplus une ortographe ridicule et une composition bizarre forment tout ce qu'il y a de remarquable dans cet ouvrage où comme dans les autres productions de m de la bretonne l'auteur n'a été que baroque en se persuadant qu'il était original .,other,auteur,,,,,,1780,,,,,,,,,x,other,London,London
les unes trouvoient son chant plat et commun les autres welche et baroque .,other,chant,,,,,,1780,,,,,,,,,x,other,Naples,Italy
elle n'aurait pas été capable de faire un choix si baroque .,other,choix,,,,,,1780,,,,,,,,,x,other,Paris,France
si la comparaison baroque du médecin de saint germain avec le médecin de cos faite au même endroit était proposable ce ne pourroit être à cause de la médecine originale du premier .,other,comparaison,,,,,,1780,,,,,,,,,x,other,Paris,France
il y auroit encore bien d'autre choses à apprendre à m m comme à ne pas faire de comparaison aussi baroque que celle d'un médecin et son malade avec un cocher et ses chevaux à se désier de ses idées auprès des malades à disserter moins et à s'entendre mieux .,other,comparaison,,,,,,1780,,,,,,,,,x,other,Paris,France
la bonne grace du pitaut reparoit assez le défaut de sa construction baroque et les peu séduisants appas du nez camus n'invitoient pas a profiter de l'équivoque .,other,construction,,,,,,1780,,,,,,,,,x,other,London,London
dites vous monsieur de ce conte baroque .,other,conte,,,,,,1780,,,,,,,,,x,other,Hague,Netherlands
rosanie est dans le genre de la féerie et avec tout l'appareil du merveilleux ne présent qu'une intrigue très commune et un dénouement baroque dénué de sens commun .,other,dénouement,,,,,,1780,,,,,,,,,x,other,London,London
je veux pourtant chanter de ma voix rauque ce valory ce fameux champion qui par l'effet de son destin baroque des prussiens fut le palladion .,other,destin,,,,,,1780,,,,,,,,,x,other,Amsterdam,Netherlands
sort des rois sort des humains quel destin bizarre et baroque me fourra parmi ces vauriens .,other,destin,,,,,,1780,,,,,,,,,x,other,Berlin,Germany
je veux pourtant chanter de ma voix rauque ce valory ce fameux champion qui par l'effet de son destin baroque des prussiens fut le palladion et pour lequel se fit mainte blessure quand les housards fins et rusés matois de l'enveler essayant l'aventure autour du camp venaient en tapinois .,other,destin,,,,,,1780,,,,,,,,,x,other,Berlin,Germany
on est d'abord étonné de voir une disposition si baroque et si peu propre à faire honneur aux talents du vice grand maitre .,other,disposition,,,,,,1780,,,,,,,,,x,other,Paris,France
on est d'abord étonné de voir une disposition si baroque et si peu propre à faire honneur aux talents du vice grand maitre .,other,disposition,,,,,,1780,,,,,,,,,x,other,Rheims,France
voilà déjà une distinction assez baroque et qui pourroit bien déceler un petit coup de marteau .,other,distinction,,,,,,1780,,,,,,,,,x,other,Yverdon,Switzerland
c'est pourquoi ils ont imaginé une écriture baroque illisible dont tous les caractères sont extrêmement gros et étendus .,other,écriture,,,,,,1780,,,,,,,,,x,other,London,London
alors je jetai pour la première fois les yeux sur ce valet si apprivoisé et je reconnus malgré un équipage tout-à-fait baroque l'abbé de gaudigny neveu de notre abbesse .,other,équipage,,,,,,1780,,,,,,,,,x,other,London,London
quittés le baroque esclavage qu'elle vous impose .,other,esclavage,,,,,,1780,,,,,,,,,x,other,Strasbourg,France
il faudroit avoir l'esprit bien baroque pour soutenir que l'électeur palatin se soit laissé subjuguer par une crainte ou surprendre par les manéges du cabinet de vienne .,other,esprit,,,,,,1780,,,,,,,,,x,other,Amsterdam,Netherlands
si je ne m'y rends pas traitez moi d'esprit baroque de mauvais raisonneur .,other,esprit,,,,,,1780,,,,,,,,,x,other,London,London
mais comme c'est un esprit baroque il voudroit de l'extraordinaire et il m'a chargé de lui chercher un poète et un musicien .,other,esprit,,,,,,1780,,,,,,,,,x,other,Paris,France
oh lui c'est un esprit baroque dont nous rendrons bon compte .,other,esprit,,,,,,1780,,,,,,,,,x,other,Paris,France
mais voyant ensuite comme moi que cette hypothèse ne pouvoit satisfaire qu'à quelques cas particuliers il en vient à l'explication la plus baroque .,other,explication,,,,,,1780,,,,,,,,,x,other,Hague,Netherlands
mais voyant ensuite comme moi que cette hypothèse ne pouvoit satisfaire qu'à quelques cas particuliers il en vient à l'explication la plus baroque .,other,explication,,,,,,1780,,,,,,,,,x,other,Paris,France
traiter d'emblée est un expression baroque .,other,expression,,,,,,1780,,,,,,,,,x,other,Marseille,France
expression baroque comune en certaines provinces .,other,expression,,,,,,1780,,,,,,,,,x,other,Marseille,France
suivant l'histoire baroque de cet emprisonnement la pacha feignit de consentir à la demande des mutins à condition qu'il tenteroit encore une fois une sortie générale .,other,histoire,,,,,,1780,,,,,,,,,x,other,Paris,France
et je protette à la face de la nation qu'aucun de nous n'en porta jamais de cette couleur ni n'eut même l'idée baroque d'en porter .,other,idée,,,,,,1780,,,,,,,,,x,other,Bouillon,Belgium
cette réflexion qui a fait toujours sur mon esprit une impression plus vive que les trames les complots et les conjurations dont on nous fatigue depuis long-temps n'a pas agi avec la même force sur l'âme de nost représentants cars ils n'hésiteroient pas à nous donner un papier national et ils auroient résisté à l'idée baroque et mal faisante de fondre notre argenterie nos boucles et nos saintes-vierges .,other,idée,,,,,,1780,,,,,,,,,x,other,London,London
voilà pourquoi mon idée plaisante et que vous trouvez baroque mérite la préférence sur le projet que vous défendez .,other,idée,,,,,,1780,,,,,,,,,x,other,Paris,France
cette idée me semble très baroque n'en déplaise au bon goût de votre héros .,other,idée,,,,,,1780,,,,,,,,,x,other,Rome,Italy
cette loi seroit baroque en ce qu'elle permettroit à un ecclésiastique d'avoir trente mille livres de revenu en un seul bénéfice et ne lui permettroit pas d'avoir en deux ou plusieurs bénéfices plus de trois mille livres .,other,loi,,,,,,1780,,,,,,,,,x,other,Paris,France
manière baroque et à laquelle on se fait très difficilement .,other,manière,,,,,,1780,,,,,,,,,x,other,Geneva,Switzerland
c'est aussi un bivalve mais plus baroque qu'aucun que j'aie vu par la grande inégalité des saillies de ses deux valves qui s'élèvent l'une et l'autre vers la charnière comme deux cornes et forment la plus grand partie du coquillage dont l'épaisseur est très grande comparativement à sa cavité .,form,na,,,,,,1780,,,,,,,,,x,other,Hague,Netherlands
c'est aussi un bivalve mais plus baroque qu'aucun que j'aie vu par la grande inégalité des saillies de ses deux valves qui s'élèvent l'une et l'autre vers la charnière comme deux cornes et forment la plus grand partie du coquillage dont l'épaisseur est très grande comparativement à sa cavité .,form,na,,,,,,1780,,,,,,,,,x,other,Paris,France
je ne crois pas qu'on ait jamais pu inventer un outil aussi baroque .,other,outil,,,,,,1780,,,,,,,,,x,other,Paris,France
d'où l' on tire un argument baroque pour prouver que tous les hommes sont obligés de subir la circoncision .,other,plan,,,,,,1780,,,,,,,,,x,other,Paris,France
cela posé je dis qu'une loi qui dans l'état actuel où sont les bénéfices du royaume en défendroit purement et simplement la pluralité seroit en certains points baroque .,other,pluralité,,,,,,1780,,,,,,,,,x,other,Paris,France
d'autre part il avait la prétention - baroque chez lui - de réhabiliter les filles publiques .,other,prétention,,,,,,1780,,,,,,,,,x,other,London,London
mais en conscience convenez donc que la tendresse des vieilles gents est baroque .,other,tendresse,,,,,,1780,,,,,,,,,x,other,Mannheim,Germany
mais en conscience convenez donc que la tendresse des vieilles gents est baroque .,other,tendresse,,,,,,1780,,,,,,,,,x,other,Paris,France
encore un terme baroque de logique .,other,terme,,,,,,1780,,,,,,,,,x,other,Paris,France
cependant ce n'est ici que de la théologie baroque .,other,théologie,,,,,,1780,,,,,,,,,x,other,Berlin,Germany
enfin du p parti je n'entends plus le pas le q traînant sa queue et quelérant tout bas vient s'attaquer à l'u qu'à chaque instant il choque et sur le ton du k calque son ton baroque  et cetera .,other,ton,,,,,,1780,,,,,,,,,x,other,Paris,France
le q traînant sa queue et querellant tout bas vient s'attaquer à l'u qu'à chaque instant il choque et sur le ton du k calque son ton baroque .,other,ton,,,,,,1780,,,,,,,,,x,other,Paris,France
mais ces airs peuvent aussi n'avoir de sens que par le souvenir des paroles comme dans l'autre exemple où l'air insignificant et baroque ne fait que déplaire à l'oreille s'il on ne se rappelle pas que dans une situation semblable on a entendu sur ce même air la mère dire à sa fille .,other,air,,,,,,1790,,,,,,,,,x,other,Paris,France
amelot qui le savoit bien lui demanda pourquoi il ne s'était pas contenté de censurer en gros quelques propositions de quesnel qu lieu de faire une censure baroque de cent et une .,other,censure,,,,,,1790,,,,,,,,,x,other,Strasbourg,France
un oiseau dont la voix est rauque peut il d'un chant aussi baroque vous faire ouir de médiocres sons .,other,chant,,,,,,1790,,,,,,,,,x,other,Vienna,Austria
je lui dirai ma façon de penser avec modération et je me dirai que je ne dois pas être excepté de la nombreuse classes de ceux qui fonts des ingrats quoiqu'il en soit voilà une bonne affaire finie que l'acuittement de ce compte baroque .,other,compte,,,,,,1790,,,,,,,,,x,other,Paris,France
refusons plutôt au grecs toute espèce d'harmonie que de leur attribuer une désinence harmonique de cette espèce désinence plus baroque que notre ton du quart et notre tierce de picardie .,other,désinence,,,,,,1790,,,,,,,,,x,other,Paris,France
mais quelque chinois que soient les chinois il n'est pas possible qu'ils fassent usage d'une échelle si baroque .,other,échelle,,,,,,1790,,,,,,,,,x,other,Paris,France
sais-tu qu'en honneur ces français ont une tournure d'esprit baroque .,other,esprit,,,,,,1790,,,,,,,,,x,other,Paris,France
les noms classiques d'amaryllis de silvie de mirthille frappent d'étonnement dans la foule baroque de plantes obscures et sans propriétés comme hemerocalle macre arroche .,other,foule,,,,,,1790,,,,,,,,,x,other,Lausanne,Switzerland
ses autres ouvrages ont été admirés des uns comme ayant la noble simplicité de l'antique et critiqués des autres comme portant les traits d'une imagination baroque et contraire au bon goût .,other,imagination,,,,,,1790,,,,,,,,,x,other,Liege,Belgium
un jour donc que siméon n'était pas triste il entre dans une boutique pleine de vessies en prend une et après y avoir ajusté un tuyay de plume et divers chalumeaux il s'en va dans un carrefour de la ville et joue publiquement de son baroque instrument .,other,instrument,,,,,,1790,,,,,,,,,x,other,Paris,France
l'espèce de foire qu'il imaginée pouor l'émulation des arts et métiers conduit à celle d'un établissement durable où chaque invention nouvelle puisse s'annoncer aux curieux et s'offrir à la comparaison où tous les genres d'industrie ancienne puissent se retrouver et réclamer contre le caprice et la mode baroque qui les ont fait oublier .,other,mode,,,,,,1790,,,,,,,,,x,other,Paris,France
quelques phrases d'un beau chant dans un morceau d'ailleurs irrégulier commun ou baroque vers heureux dans une pièce écrite d'ailleurs d'un style rocailleux et plat .,other,morceau ,,,,,,1790,,,,,,,,,x,other,Paris,France
une perle d'orient un peu nacreuse ovale un peu baroque étant percée à deux endroits pensant quatre huit grains ou douze karats septs seizes estimée cinq cents livres .,pearl,na,,,,,,1790,,,,,,,,,x,other,Paris,France
et nos chiens que la peur saisit un même instant répandirent à flots un parfum équivoque dont l'odeur mélangée et tout-à-fait baroque fit s'écrier chaque assistant que leur maître ne peut sans néglier sa floire ne pas venger soudain un affront si notoire .,other,odeur ,,,,,,1790,,,,,,,,,x,other,Paris,France
elle accourut et reprocha tant qu'elle put au grand oiseau ce procédé baroque .,other,procédé,,,,,,1790,,,,,,,,,x,other,Paris,France
cette réponse doit avoir paru très baroque au seigneur don antonio ricardos carillo .,other,réponse ,,,,,,1790,,,,,,,,,x,other,Paris,France
quelques-uns composés de deux prépositions ou adverbes allemands seroient un sens bien baroque en les séparant .,other,sens,,,,,,1790,,,,,,,,,x,other,Berlin,Germany
et cette marche qui était toute de son invention formoit le spectacle le plus baroque et le plus ridicule .,other,spectacle,,,,,,1790,,,,,,,,,x,other,Paris,France
c'est beau vous disent ils en vous chantant quelque trait baroque .,other,trait,,,,,,1790,,,,,,,,,x,other,Paris,France
nous nous sommes souvent donné de la peine pour apprendre la cause de cet usage baroque .,other,usage,,,,,,1790,,,,,,,,,x,other,Frankfurt,Germany
au milieu de cette foule de grands hommes qui croiroit que la nobile direzzione de milan se soit adressée à un allemand à un barbare au chevalier gluck enfin qui selon plusieurs connaisseurs de café n'a ni chant ni mélodie n'a qu'une harmonie baroque et criarde un style tudesque usé raboteux qui n'a aucune réputation en italie et n'y a eu aucun succès .,other,harmonie,musique,harmonie,,,,1770,,,,,,,x,musique,,,Amsterdam,Netherlands
votre rameau il est sec il est sauvage il n'a jamais su arranger un partition il n'a jamais de chant son harmonie est si baroque si revêche .,other,harmonie,musique,harmonie,,,,1770,,,,,,,x,musique,,,Lausanne,Switzerland
les personnes trop peu exercées pour saisir cette mélodie disent qu'elle est baroque .,other,mélodie,musique,mélodie,,,,1760,,,,,,,x,musique,,,Paris,France
une musique baroque est celle dont l'harmonie est confuse chargée de modulations et de dissonances le chant dur et peu naturel l'intonation difficile et le mouvement contraint .,other,musique,musique,musique,,,,1760,,,,,,,x,musique,,,London,London
loin de nous toute musique efféminée baroque bruyante ou qui ne peint rien .,other,musique,musique,musique,,,,1770,,,,,,,x,musique,,,Amsterdam,Netherlands
on s'est lassé de se promener en long et en large ou plutôt d'être coudoyé en tout sens dans un salon et sous des galeries mal peintes au son d'une musique baroque .,other,musique,musique,musique,,,,1770,,,,,,,x,musique,,,Hague,Netherlands
le poème est si mauvais que les acteurs même n'y peuvent déployer aucun jeu et la musique si baroque que le chanteur n'y trouve rien à exprimer .,other,musique,musique,musique,,,,1770,,,,,,,x,musique,,,London,London
il fait ensuite une division de la musique en musique chantante et musique baroque .,other,musique,musique,musique,,,,1770,,,,,,,x,musique,,,Orleans,France
si cela est comme on n'en peut pas douter ne soyons point étonnés de la musique baroque dont on nous écorche aujourd'hui les oreilles .,other,musique,musique,musique,,,,1770,,,,,,,x,musique,,,Paris,France
ils ne peuvent manquer de plaire à ceux qui préférent aux difficultés d'une musique baroque un chant agréable varie et semé de traits neufs .,other,musique,musique,musique,,,,1770,,,,,,,x,musique,,,Paris,France
c'est à toi seul que je la dois brutal durpetri dont la voix baroque et barbare a servi d'organe à la nature .,other,voix,musique,voix,,,,1760,,,,,,,x,musique,,,Berlin,Germany
le croirais tu imirce que cette bête malgré son ineptie et sa voix baroque ait la fureur de censurer la voix harmonieuse des cygnes et le chante délicat des jeunes oiseaux .,other,voix,musique,voix,,,,1760,,,,,,,x,musique,,,Berlin,Germany
et l'enroué ne chantera t il ses louanges que d'une voix discordante et baroque .,other,voix,musique,voix,,,,1760,,,,,,,x,musique,,,Geneva,Switzerland
quand ils furent arrivés à terre les matelots dont chacun était soutenu par deux sauvages furent conduits par un chemin étroit d'environ un quart de mille de longeur à leurs huttes où leur arrivé fut célébré au son d'un instrument très discordant qui n'était composé que de deux bâtons dentelés et acompagné d'une voix encore plus baroque et plus barbare .,other,voix,musique,voix,,,,1760,,,,,,,x,musique,,,Paris,France
cette espèce dont la figure est singulière et extrêmement baroque représente assez bien un t dans sa forme pliée  peut avoir jusqu' à plus de cinq pouces de longueur .,form,figure,form,,figure,,,1770,,,,,,,x,form,,,Paris,France
la figure de ce limaçon conique ou sabot est baroque par ses spires rentrantes et comme martelées .,form,figure,form,,figure,,,1770,,,,,,,x,form,,,Paris,France
la coquille des pourpres a tantôt dans son ensemble une forme triangulaire tantôt une figure arrondie ou baroque .,form,figure,form,,figure,,,1770,,,,,,,x,form,,,Paris,France
celle ci est d'une figure baroque dans toutes ses parties garnie de six côtes longitudinales chargées plus ou moins de feuillages irréguliers déchiquetés de couleur brune et enfumée aplatis et obtus principalement à la rangée qui borde la lèvre et où ces feuillages se prolongent en forme de pattes de crapaud .,form,figure,form,,figure,,,1770,,,,,,,x,form,,,Paris,France
cette petite espèce est d'une figure baroque principalement dans ses spires qui sont compliquées de diverses cavités et sinuosités .,form,figure,form,,figure,,,1770,,,,,,,x,form,,,Paris,France
ses fruits son triangulaires bruns ridés de forme baroque d'un bon pouce de diamètre et d'environ deux pouces de longeur .,form,forme,form,,forme,,,1760,,,,,,,x,form,,,Paris,France
on détache cette nacre et on la travaille sur le tour pour lui donner la forme ronde ovale ou baroque ou la figure de poire suivant les perles qu'on veut imiter .,form,forme,form,,forme,,,1760,,,,,,,x,form,,,Paris,France
les graines sont plates de forme très baroque cendrées et ont un bon goût de pois .,form,forme,form,,forme,,,1760,,,,,,,x,form,,,Paris,France
elles sont branchues et d'une forme baroque la plupart d'un blanc jaunâtre et quelques unes bleues en dedans et toues couvertes d'une écorce blanchâtre plus ou moins épaisse enclavées les unes dans les autres .,form,forme,form,,forme,,,1760,,,,,,,x,form,,,Paris,France
l'huître commune qui se colle aux rochers et d'une forme si baroque qu'on ne peut l'ouvrir qu'à coups de marteau .,form,forme,form,,forme,,,1770,,,,,,,x,form,,,Amsterdam,Netherlands
dans les bivalves sont l'huître commune qui se colle aux rochers et d'une forme si baroque qu'on ne peut l'ouvrir qu'à coups de marteau .,form,forme,form,,forme,,,1770,,,,,,,x,form,,,Neuchatel,Switzerland
coquille univalve du genre des buccins à canal court et retoussé ainsi appellée à cause de sa forme baroque et de travers qui regne dans toutes ses parties .,form,forme,form,,forme,,,1770,,,,,,,x,form,,,Paris,France
on aura autant de petit cailloux compacts bien propres et d'une forme baroque qu'on a de pessaires à couvrir et dont le poids doit excéder un peu celui de chaque morceau de liége .,form,forme,form,,forme,,,1770,,,,,,,x,form,,,Paris,France
celles qui font effervescence aux acides sont crétacées communément de couleur ou grise ou bleuâtre et de forme baroque .,form,forme,form,,forme,,,1770,,,,,,,x,form,,,Paris,France
cette vis est d'une forme peu régulière et même baroque composée de neuf ou dix spires couronnées en partie de tubercules aigus principalement vers le milieur de la coquille .,form,forme,form,,forme,,,1770,,,,,,,x,form,,,Paris,France
coquille univalve du genre des buccins de l'espèce triangulaire ainsi appellée à cause de sa forme baroque .,form,forme,form,,forme,,,1770,,,,,,,x,form,,,Paris,France
ils sont arrondis obtus un peu aigus ou aplatis allongés ou de forme baroque .,form,forme,form,,forme,,,1770,,,,,,,x,form,,,Paris,France
la caillou du rhin que l'on trouve aujourd'hui dans le lit de ce fleuve n'est autre chose qu'un canon de crystal de roche qui s'est détaché du rocher et qui à force de rouler parmi les autres pierres qui sont dans le rhin a usé les vives arrêtes de ses faces et est devenu par le laps du temps comme un cabochon d'une rondeur baroque .,form,rondeur,form,,rondeur,,,1760,,,,,,,x,form,,,Paris,France
les unes ont une lèvre épaisse avec une clavicule garnie de quelque tubercules tandis que les autres ont une lèvre mince avec une volute simplement baroque dépourvue de tubercules .,form,volute,form,,volute,,,1770,,,,,,,x,form,,,Paris,France
non seulement on est fatigué au bout de trois pages de leur tournure bizarre et de leur jargon baroque mais ce qu'il y a de pis c'est qu'on y trouve très peu d'esprit et pas une idée sur l'art .,other,jargon,language,,,jargon,,1770,,,,,,,x,language,,,Amsterdam,Netherlands
d'imbéciles fainéants et fainéantes qui végetent dans les villes et qui comme les perroquets ne savent que proférer des mots vuides de sens et d'idées se croient beaucoup d'esprit quand ils tournent en ridicule d'honnêtes et de sages agriculteurs qui ne comprenant rien à leur jargon baroque et d'amusant pour l'instant de leur folle étourderie les méprisent en les plaignant .,other,jargon,language,,,jargon,,1770,,,,,,,x,language,,,London,London
non seulement on est fatigué au bout de trois pages de leur tournure bizarre et de leur jargon baroque .,other,jargon,language,,,jargon,,1770,,,,,,,x,language,,,Paris,France
le titre seul du coup d'oeil purin fort étendu en donne l'explication et sert comme de commentaire à ce mot baroque .,other,mot,language,,,mot,,1770,,,,,,,x,language,,,London,London
christine trouvant son nom baroque le nomma struzzo .,other,nom,language,,,nom,,1760,,,,,,,x,language,,,Amsterdam,Netherlands
christine trouvant son nom baroque le nomma struzzo .,other,nom,language,,,nom,,1760,,,,,,,x,language,,,Leipzig,Germany
le mot allemand est erd-apfel ou erd oepfel ce qui a produit le nom baroque de artoffel .,other,nom,language,,,nom,,1770,,,,,,,x,language,,,Amsterdam,Netherlands
le mot allemand est erd-apfel ou erd oepfel ce qui a produit le nom baroque de artoffel .,other,nom,language,,,nom,,1770,,,,,,,x,language,,,Paris,France
et ce boileau tant vanté n'était qu'un rimeur baroque quand il a dit .,other,rimeur,language,,,rimeur,,1770,,,,,,,x,language,,,Paris,France
où avez vous pris le titre baroque que vous donnez au public dans l'épître dédicatoire que vous lui adressez .,other,titre,language,,,titre,,1760,,,,,,,x,language,,,London,London
a ce titre baroque et factice on reconnoit aisément l'auteur de la brochure ce protée littéraire qui depuis quelques années prend toutes sortes de formes non pas pour tromper ses semblables comme celui de la fable mais pour les éclairer et les intruire .,other,titre,language,,,titre,,1770,,,,,,,x,language,,,London,London
il paraît un nouveau livre sous le titre baroque de l'an deux mille quatre cent quarante rêve s'il en fût jamais avec cette épigraphe .,other,titre,language,,,titre,,1770,,,,,,,x,language,,,London,London
quelques artistes se sont élevés contre ce genre baroque mais la multitude ignorante a conservé ses préjugés et suivi le torrent .,other,genre,style,,,,genre,1770,,,,,,,x,style,,,Amsterdam,Netherlands
huit sujets de danse joueur d'instrument genre baroque peint en mignature d'un beau faire .,other,genre,style,,,,genre,1770,,,,,,,x,style,,,Paris,France
ce qui a paru de lui dans le public se réduit à des odes au-dessous de médiocre à une saytre sur le goût dont les principes sont assez judicieux et al versification heureuses par intervalles à un poème intitulé mon odyssée qu'on croiroit avoir été fait pour des lecteurs tudesques tant le style en est dur et baroque tant les rimes en sont bizarres .,other,style,style,,,,style,1760,,,,,,,x,style,,,Amsterdam,Netherlands
principes sont assez judicieux et al versification heureuses par intervalles à un poème intitulé mon odyssée qu'on croiroit avoir été fait pour des lecteurs tudesques tant le style en est dur et baroque et tant les rimes en sont bizarres .,other,style,style,,,,style,1770,,,,,,,x,style,,,Amsterdam,Netherlands
cette traduction semble inexacte d'un style dur et baroque rompu .,other,style,style,,,,style,1770,,,,,,,x,style,,,Paris,France
mais elles sont écrites d'un style baroque capable d'effrayer le lecteur le plus intrépide et d'une dureté sans exemple depuis chapelain .,other,style,style,,,,style,1770,,,,,,,x,style,,,Paris,France
on s'embarrasse très peu que le pièce soit bonne ou mauvaise pourvû qu'en sortant du spectacle et en pirouettant sur un talon rouge on puisse frédonner quelques mesures d'un air bien baroque qui n'ait pas la moindre analogie avec les paroles .,other,air,,,,,,1760,,,,,,,x,other,,,Bouillon,Belgium
c'est un caractère baroque .,other,caractère,,,,,,1760,,,,,,,x,other,,,Paris,France
nous y vîmes une cérémonie baroque .,other,cérémonie,,,,,,1760,,,,,,,x,other,,,Paris,France
s'ils vouloient dénaturer leur chant ils le rendroient dur baroque et presque inchantable .,other,chant,,,,,,1760,,,,,,,x,other,,,Amsterdam,Netherlands
naturel se dit encore de tout chant qui n'est ni forcé ni baroque qui ne va ni trop haut ni trop bas ni trop vite ni trop lentement .,other,chant,,,,,,1760,,,,,,,x,other,,,London,London
admirable dans un petit nombre de scènes mauvais presque partout ailleurs ce qui est peut-être autant la faute du genre que la sienne car c'est souvent pour avoir trop voulu s'asservir à la déclamation qu'il a rendu son chant baroque et ses transitions dures .,other,chant,,,,,,1760,,,,,,,x,other,,,Neuchatel,Switzerland
il fit une enterprise baroque .,other,enterprise,,,,,,1760,,,,,,,x,other,,,Paris,France
il seroit plus en état qu'un autre de remplacer par là le défaut de talent et de génie si cet esprit était moins baroque et qu'il fut accompagné de plus de goût .,other,esprit,,,,,,1760,,,,,,,x,other,,,Amsterdam,Netherlands
toujours dans le plaisir je vis dans ma bicoque je n'y reçois jamais aucun esprit baroque .,other,esprit,,,,,,1760,,,,,,,x,other,,,Hague,Netherlands
c'est chez la marquise de felcourt que j'ai entendu le concert dont l'éxécution baroque m'a fourni le détail que je viens de vous faire .,other,éxécution,,,,,,1760,,,,,,,x,other,,,Neuchatel,Switzerland
cette idée baroque fait faire une action dangereuse à ceux qui en sont imbus .,other,idée,,,,,,1760,,,,,,,x,other,,,Lausanne,Switzerland
on doit cependant regarder comme une idée baroque l'homme qui est culbuté dans un coin du tableau et dont on ne voit que les jambes le reste étant supposé hors de la toile .,other,idée,,,,,,1760,,,,,,,x,other,,,Venice,Italy
n'aveignez point cet instrument baroque rauque qui nous fait trembler tous .,other,instrument,,,,,,1760,,,,,,,x,other,,,Paris,France
illustre aimable et digne abbesse il n'est donc que trop vrai qu'à paris comme à rome à vienne au paraguay a stokolm à berlin tout ainsi qu'à gonesse le premier jour de lan est de nos douze mois le jour le plus baroque et plus bavard le plus sournois le plus maussade enfin le plus équivoque .,other,jour,,,,,,1760,,,,,,,x,other,,,Paris,France
ce qui a formé une jurisprudence baroque et non uniforme que l' on a insérée dans ces coutumes comme une loi invariable à suivre .,other,jurisprudence,,,,,,1760,,,,,,,x,other,,,Paris,France
ils passent deux heures à composer un manuscrit qu'il écrivent d'une manière baroque .,other,manière,,,,,,1760,,,,,,,x,other,,,Geneva,Switzerland
ils passent deux heures à composer un manuscrit qu'il écrivent d'une manière baroque .,other,manière,,,,,,1760,,,,,,,x,other,,,London,London
on déclare ma muse hérétique et baroque .,other,muse,,,,,,1760,,,,,,,x,other,,,Hamburg,Germany
quand la pierre n'est point susceptible d'une belle forme ils la laissent ou ronde ou ovale ou baroque et la creusent par dessous pour y ménager quelque diversité des faces qui fassent jouer la lumière en différents sens .,form,na,,,,,,1760,,,,,,,x,other,,,Paris,France
je ne veux parler ici et dans tout le reste de ma letter que de cette réforme subite et totale qui en voulant ramener tout-à-coup l'orthograph à la prononciation feroit de notre langue une langue barbare inintelligible aux yeux et indéchiffrable de ce néographisme baroque tel qu'il a été proposé autrefois par ramus et après lui par pelletier maigret l'abbé de saint-pierre de launay et quelques autres tel enfin que semblent le proposer les auteurs du vocabulaire .,other,néographisme,,,,,,1760,,,,,,,x,other,,,Amsterdam,Netherlands
sans aucune apparence de prétention le poète sait plaire et ses leçons n'ont rien de cette philosophie fade et baroque qui ose se montrer dans les opéra comiques et qui finira par en dégoûter le public .,other,philosophie,,,,,,1760,,,,,,,x,other,,,Amsterdam,Netherlands
mais en se regardant les uns et les autres sur un procédé si baroque ils ne purent s'empêcher de rire .,other,procédé,,,,,,1760,,,,,,,x,other,,,Marseille,France
ll y a dans le texte militia qui fait un sens baroque .,other,sens,,,,,,1760,,,,,,,x,other,,,Paris,France
cependant l'habile anti-locke condamnoit cette ame à la mort pour l'âme n'ayant point de port ne sçachant où fourrer ce souffle si baroque il le détruisoit doucement ainsi qu'un foible son tiré d'un instrument .,other,souffle,,,,,,1760,,,,,,,x,other,,,Hamburg,Germany
supposition aussi baroque qu'elle est insoutenable et contraire au bons sens .,other,supposition,,,,,,1760,,,,,,,x,other,,,London,London
lorsque je voyois que le sommeil alloit rallentir leur feu je poussois de mon palanquin un argument aussi baroque que leurs faces .,other,argument,,,,,,1770,,,,,,,x,other,,,Paris,France
mais quel arrangement baroque dans ces expressions .,other,arrangement,,,,,,1770,,,,,,,x,other,,,Amsterdam,Netherlands
car c'est souvent pour avoir trop voulu s'asservir à la déclamation qu'il a rendu son chant baroque et ses transitions dures .,other,chant,,,,,,1770,,,,,,,x,other,,,London,London
on n'y voit point ces hymnes d'un chant lourd baroque .,other,chant,,,,,,1770,,,,,,,x,other,,,Paris,France
le tout fut accompagné par une musique ou chant chinois fort baroque et des plus désagréables quoique cadencé ou mesuré et qu'ils exécuterent principalement devant la couleuvre en lui faisant faire en même temps différents mouvements très singuliers .,other,chant,,,,,,1770,,,,,,,x,other,,,Paris,France
les uns trouvoient son chant plat et commun les autres welche et baroque .,other,chant ,,,,,,1770,,,,,,,x,other,,,London,London
ils exécutaient des morceaux très difficiles sans clopiner le moins du monde et l'entrepreneur de ce concert baroque me dit qu'il se faisoit fort de styler en six mois par la méthode en question quarante sujets qui ne fussent pas la musique en fixant l'attention du monotone à un seul ton à exécuter à livre ouvert les morceaux de musique les plus difficiles .,other,concert,,,,,,1770,,,,,,,x,other,,,London,London
je ne crois pas qu'il puisse y avoir une construction plus baroque que celle de ces vers .,other,construction,,,,,,1770,,,,,,,x,other,,,Orleans,France
reponse du chevalier à cet argument par la distinction baroque et confuse des causes matérielle et formelle efficient et finale .,other,distinction,,,,,,1770,,,,,,,x,other,,,Lyon,France
cette écriture est si baroque qu'on pourroit la lire en vingt façons différentes .,other,écriture,,,,,,1770,,,,,,,x,other,,,Paris,France
nous ne dissimulerons pas qu'il seroit plus en état qu'aucun autre de remplacer par là le défaut de poésie et de versification si cet esprit était moins baroque et dirigé par un goût plus sur et plus exercé .,other,esprit,,,,,,1770,,,,,,,x,other,,,Amsterdam,Netherlands
n'y a-t-il pas aussi un peu d'âcreté dans ce que vous dites de m le miere dont vous blâmez l'esprit baroque et le peu de goût .,other,esprit,,,,,,1770,,,,,,,x,other,,,Amsterdam,Netherlands
la préface courte burlesque et bouffonne qui se trouve à la tête annonce une tournure d'esprit singulière et baroque .,other,esprit,,,,,,1770,,,,,,,x,other,,,Florence,Italy
le procès de m le comte de guines a effetivement été jugé avant hier au châtelet d'une façon très baroque .,other,façon,,,,,,1770,,,,,,,x,other,,,London,London
des cazeaux des granges m demeurant à londres a traduit de l'anglois en français baroque la prétendue veuve et composé dans le même style la femme jalouse .,other,français,,,,,,1770,,,,,,,x,other,,,Paris,France
lorsque otus furent placés commodément le médecin de mon père fit une histoire baroque de la maladie depuis sa naissance jusqu'à ce jour .,other,histoire,,,,,,1770,,,,,,,x,other,,,Maastricht,Netherlands
mais les suisses ne sont point constipés et ils sont d'un bien meilleur tempérament encore et je ne conçois pas ce qu'on prétend gagner à recuire et à distiller une humeur baroque pendant huit ou quinze jours .,other,humeur,,,,,,1770,,,,,,,x,other,,,Paris,France
le docteur se mettroit peut-être de mauvais humeur et se fâcheroit si l' on vouloit s'égayer et rire de son idée baroque .,other,idée,,,,,,1770,,,,,,,x,other,,,Besançon,France
messieurs les inamovibles du régiment de guyenne se sont mis dans la tête une idée tout-à-fait baroque .,other,idée,,,,,,1770,,,,,,,x,other,,,London,London
mais il me semble qu'il est vraisemblable et qu'il donne un fondement raisonnable à cette idée baroque .,other,idée,,,,,,1770,,,,,,,x,other,,,Paris,France
l'absolution conférée par un prêtre sans approbation de l'évêque est invalide et de nul effet c'est l'inductin la plus baroque et la plus absurde qu'on puisse imaginer n'ayant aucune liason avec le principe établi d'où on l'infére .,other,inductin,,,,,,1770,,,,,,,x,other,,,Berne,Switzerland
les juges défendent leur jugement baroque par l'autorité du roi qui a toujours déclaré qu'il ne vouloit pas de sang répandu dans cette affaire .,other,jugement,,,,,,1770,,,,,,,x,other,,,London,London
on réimprime ce livre baroque à paris .,other,livre,,,,,,1770,,,,,,,x,other,,,London,London
le vers non si je ne puis t'attendrir est surtout rendu d'une manière baroque et ridicule .,other,manière,,,,,,1770,,,,,,,x,other,,,Amsterdam,Netherlands
l'ancienne manière de placer les pelotons et compagnies dans le bataillon était assez baroque et n'était fondée sur aucune raison qui méritât quelque considération .,other,manière,,,,,,1770,,,,,,,x,other,,,Paris,France
il y a des tuyaux de mer qui sont repliés contournés en spirale en manière de vis roulés les uns sur les autres régulièrement comme des pains de bougier ou d'une manière si baroque que l'on a peine quelquefois à en trouver les extrémités .,other,manière,,,,,,1770,,,,,,,x,other,,,Paris,France
l'ouverture est singulière ou baroque avec un plan extérieur aplati étroite allongée sinueuse et fermée en partie par plusieurs apophyses blanches et dentelées qui se trouvent au-dedans de la lèvre ainsi que par les denticules de la columelle extérieure .,form,ouverture,,,,,,1770,,,,,,,x,other,,,Paris,France
ainsi on dit un esprit un goût un ouvrage une pensée baroque .,other,pensée,,,,,,1770,,,,,,,x,other,,,Paris,France
le plaidoyer baroque de l'intimé dans racine fut calqué sur ceux que l'on débitoit tous les jours au palais .,other,plaidoyer,,,,,,1770,,,,,,,x,other,,,Paris,France
je ne sais s'il fut jamais raisonnement plus baroque et moins probant .,other,raisonnement,,,,,,1770,,,,,,,x,other,,,Berne,Switzerland
tous enfin se monterent sur un ton si haut si baroque et si fou qu'ils formerent le choeur le plus extraordinaire le plus bruyant et el plus ridicule qu'on eût entendu devant et depuis celui des .,other,ton,,,,,,1770,,,,,,,x,other,,,Amsterdam,Netherlands
détone à tort à travers prend de la dame en colère le ton baroque et les airs .,other,ton,,,,,,1770,,,,,,,x,other,,,Amsterdam,Netherlands
est un vers obscur et recherché vieillir de leur antiquité est une tournure baroque qui approche de la barberie .,other,tournure,,,,,,1770,,,,,,,x,other,,,Brussels,Belgium
en effet les termes de travers de jargon de tournure plate triviale baroque barbare inepte ridicule stupide et cetera relevent sans cesse la gracce de vos discours et vous avez épuisé pour m gilbert le répertoire de vos aménités critiques .,other,tournure,,,,,,1770,,,,,,,x,other,,,Paris,France
cela sera français selon vous et vous ferez un vers baroque .,other,vers,,,,,,1770,,,,,,,x,other,,,Hague,Netherlands
il donne avec beaucoup de raison pour département à la musique baroque les spectacles et les concerts où elle ne peut être ni plus significative ni plus scandaleuse qu'une grêle de coups qu'on feroit tomber sur un coffre .,other,musique,musique,musique,,,,1740,,,,,x,musique,,,,,Amsterdam,Netherlands
il donne pour département de la musique baroque les théâtres et concerts pour n'y amuse que par du bruit sans s'embarrasser de rien exprimer .,other,musique,musique,musique,,,,1740,,,,,x,musique,,,,,Amsterdam,Netherlands
notre auteur appelle cette musique baroque il donne à l'autre le nom de chantante .,other,musique,musique,musique,,,,1740,,,,,x,musique,,,,,Amsterdam,Netherlands
leur disoit-elle nous nous acommoderons je ménagerai une transactions entre la musique baroque et la musique .,other,musique,musique,musique,,,,1740,,,,,x,musique,,,,,Florence,Italy
une musique légère et baroque élève l'âme jusqu' aux cieux par une sainte gigue .,other,musique,musique,musique,,,,1740,,,,,x,musique,,,,,Hague,Netherlands
ainsi puisse prospérer la musique baroque dans le profane  puisqu' elle n'y est ni plus significative ni plus scandaleuse qu'une grêle de coups qu'on feroit tomber sur un coffre .,other,musique,musique,musique,,,,1740,,,,,x,musique,,,,,Paris,France
l'intention des assemblées chrétiennes et les sujets qui s'y chantent sont incompatibles soit avec les boutades soit avec la précipitation de la musique baroque .,other,musique,musique,musique,,,,1740,,,,,x,musique,,,,,Paris,France
la musique baroque restera en possession des spectacles et des concerts publics où la musique chantante causoit autrefois des maux infinis .,other,musique,musique,musique,,,,1740,,,,,x,musique,,,,,Paris,France
mais quel avantage pourra-t-on tirer de la musique baroque .,other,musique,musique,musique,,,,1740,,,,,x,musique,,,,,Paris,France
nous la nommerons la musique baroque .,other,musique,musique,musique,,,,1740,,,,,x,musique,,,,,Paris,France
par exemple il pourra comme l'a déjà fait un musicien parfaitement convaincu du vrai usage de la musique baroque .,other,musique,musique,musique,,,,1740,,,,,x,musique,,,,,Paris,France
pour faciliter à l'amiable les progrès de la musique baroque et pour décréditer ou ruiner dans les familles le dangereux goût des chants du siècle passé il sera permis aux villes les plus médiocrement riches de se donner à grands frais un opéra ou du moins un concert public où les honnêtes fainéants du pays puissent avoir à discrétion des sonnates qui ne significen rien et de l'italien qu'ils n'entendent point ou du français qui se convertit pour eux en arabe par les cascades et par les hoquèts de la prononciation .,other,musique,musique,musique,,,,1740,,,,,x,musique,,,,,Paris,France
en allant le goût italian au nôtre nous rendrions notre musique dure baroque et presque inchantable .,other,musique,musique,musique,,,,1750,,,,,x,musique,,,,,Nancy,France
la musique qui est du sieur rameau est à son ordinaire baroque et fort médiocre dans le cours de la pièce mais admirable dans les choeurs .,other,musique,musique,musique,,,,1750,,,,,x,musique,,,,,Paris,France
l'auteur parcoure les divers ridicules qu'il croit devoit reprendre dans le goût moderne et il s'élève ainsi contre la musique baroque .,other,musique,musique,musique,,,,1750,,,,,x,musique,,,,,Paris,France
de baroque musique faites un choix fabriquez moi un opéra car tel qu'il sera on l'applaudira .,other,musique,musique,musique,,,,1750,,,,,x,musique,,,,,Paris,France
ses fruits sont de la grosseur d'un oeuf et quelque fois deux et trois fois plus gros d'une forme baroque garnis de pointes et de noeuds dans leur circonférence de couleur blanche en dedans et rougeâtre en dehors .,form,forme,form,,forme,,,1740,,,,,x,form,,,,,Paris,France
un madréporte fort singulier et plat de forme ronde d'un pied un pouce de diamètre et feuilles fort minces espèce de cerveaux marins astroïtes dont le dessous est d'une forme baroque où il y a une coquille d'une huître épineuse fond rouge et une petite datte .,form,forme,form,,forme,,,1750,,,,,x,form,,,,,Paris,France
la forme que plusieurs de ces teignes donnent à leur fourreau est tout-à-fait baroque dit m de réaumur .,form,forme,form,,forme,,,1750,,,,,x,form,,,,,Paris,France
ordinairement elles avoient une belle eau mais leur forme était presque toujours irrégulière et baroque .,pearl,forme,form,,forme,,,1750,,,,,x,form,,,,,La Rochelle,France
covarruvias au mot barrueco dit que ce mot espagnol qui signifie une perle baroque a été fait du latin verruca à cause de la ressemblance de ces perles à des verrues .,pearl,perle,form,,perle,,,1750,,,,,x,form,,,,,Paris,France
elle vit que les habitans étaient dans des contestations perpétuelles un même esprit d'une chicanne peu différente les animoit dans leurs querelles et un langage également baroque servoit à les exprimer celles du païs ou l'on entroit en mauvais latin et celles du climat que l'on quittoit en un jargon qui tenoit de l'ancien roman qui n'était ni français ni latin .,other,langage,language,,,langage,,1740,,,,,x,language,,,,,Amsterdam,Netherlands
ensuite ronsard avec son même langage baroque décrit comment la sience poétique passa de l'orient en occident et parvint en angleterre .,other,langage,language,,,langage,,1750,,,,,x,language,,,,,Amsterdam,Netherlands
elle m'a dit que je les trouverois en demandant le nom d'une autre de leurs filles  puisqu' elle doit être l'unique dans le royaume qui porte un nom si baroque .,other,nom,language,,,nom,,1740,,,,,x,language,,,,,London,London
le moindre plat c'est lui qui l'intitule d'un nom baroque et très mal assorti .,other,nom,language,,,nom,,1750,,,,,x,language,,,,,Donjon du Chateau,France
pour étendre les leurs sur un acte équivoque ou sur un vieux titre baroque dont le chiffre effacé rend le temps incertain je pense toutefois qu'il vaut mieux se deffendre .,other,titre,language,,,titre,,1740,,,,,x,language,,,,,Amsterdam,Netherlands
pour étendre les leurs sur un acte équivoque ou sur un vieux titre baroque dont le chifre effacé rend le temps incertain .,other,titre,language,,,titre,,1750,,,,,x,language,,,,,Paris,France
naïveté suit ce style baroque .,other,style,style,,,,style,1740,,,,,x,style,,,,,Hague,Netherlands
il est vrai qu'il a l'accent un peu baroque aussi bien que nous .,other,accent,,,,,,1740,,,,,x,other,,,,,Paris,France
on appelle un homme de goût un homme qui sait les vaudevilles du temps et qui les a de la première main qui fait quelquefois une parodie sur un air baroque que la protection d'une femme a mis à la mode .,other,air,,,,,,1740,,,,,x,other,,,,,Hague,Netherlands
après cet argument baroque chacun opine de la toque .,other,argument,,,,,,1740,,,,,x,other,,,,,Hague,Netherlands
je suis persuadé qu'il n'y eut tout au plus que quelques vieilles qui trouverent bonne cette consequence et que toutes les jeunes au contraire auroient souhaité de tout leur coeur de faire une fréquente expérience du principe dont le prédicateur avoit tiré sa conclusion baroque .,other,conclusion,,,,,,1740,,,,,x,other,,,,,London,London
vu le jeu baroque et maussade de la troupe de lelio chétif et pityoable écho de collège et de parade .,other,jeu,,,,,,1740,,,,,x,other,,,,,Amsterdam,Netherlands
le choix du diamant se doit faire selon ces règles il doit être uni de bonne forme sans être baroque ni plein des glaces transparent et qu'il ne soit pas d'un blanc cristallin .,form,na,,,,,,1740,,,,,x,other,,,,,Amsterdam,Netherlands
de dix vers blancs où le bons sens domine que de forger et bistourner exprès prose baroque où la rime chemine .,other,prose,,,,,,1740,,,,,x,other,,,,,Paris,France
après quoi un chanteur aussi du premier ordre nous heurla avec des nazonnemens insupportables l'air le plus mélancoliquement baroque qu'il soit possible d'entendre .,other,air,,,,,,1750,,,,,x,other,,,,,London,London
adieu m le démonstrateur avec votre démonstration je vous jure que si vous avez voulu me démonstrer la confusion de vos idées et le néant de votre système vous avez parfaitement réussi dans votre argument baroque que vous venez afficher ici pour une démonstration .,other,argument,,,,,,1750,,,,,x,other,,,,,Paris,France
quelque censeur baroque qui demande du goût de la précision et de la vrai semblance par tout trouvera peut-être cette exhortation beaucoup trop longue pour un mourant .,other,censeur,,,,,,1750,,,,,x,other,,,,,Hague,Netherlands
la composition était négligée baroque même française .,other,composition,,,,,,1750,,,,,x,other,,,,,Amsterdam,Netherlands
la composition de ce jeune anglois eût elle été moins défecteuse et moins baroque si ce qu'il mit d'anglois en français d'une façon si ridicule il l'avoit mis d'anglois en latin selon l'usage des écoles .,other,composition,,,,,,1750,,,,,x,other,,,,,Paris,France
d'où l'on pouroit conclure qu'il auroit trompé ce prince qu'il se seroit moqué de lui en lui faisant présent d'un copie aussi baroque aussi informe .,other,copie,,,,,,1750,,,,,x,other,,,,,Amsterdam,Netherlands
de là il tombe à corps perdu comme du troisième ciel sur son prêche qui n'est qu'une course baroque par monts et par vaux .,other,course,,,,,,1750,,,,,x,other,,,,,Amsterdam,Netherlands
disons doc que si le saint était monliniste loin de le regarder comme le plus grand génie qu'il y ait eu il faut le regarder au contraire comme l'esprit le plus baroque et le plus de travers .,other,esprit,,,,,,1750,,,,,x,other,,,,,Toulouse,France
néanmoins il entre ce peu de caractéres il s'en trouve seulement un de chaque côté qu'elle puisse unir c'en est fait elle les allie et en forme une idée baroque qui pourra lui representer un livre soit même son existence à rome et pourtant à paris et cetera .,other,idée,,,,,,1750,,,,,x,other,,,,,Berlin,Germany
il n'y a point de langue si baroque qui n'ait trouvé des partisans zélés .,other,langue,,,,,,1750,,,,,x,other,,,,,Paris,France
l'auteur orthographie d'une manière baroque .,other,manière,,,,,,1750,,,,,x,other,,,,,Amsterdam,Netherlands
je défie tout écolier de logique de déraisonner dans ses essais de syllogisme d'une manière plus baroque .,other,manière,,,,,,1750,,,,,x,other,,,,,Hague,Netherlands
je fis encore avec la comtesse et l'abbé une partie plus baroque que celle-ci .,other,partie,,,,,,1750,,,,,x,other,,,,,London,London
la phrase en elle même est baroque .,other,phrase,,,,,,1750,,,,,x,other,,,,,Amsterdam,Netherlands
pour avoir un peu exactement ce plan baroque de la caverne je fis tendre un cordeau marqué de toise en toise depuis la porte du mur circulaire jusqu'au fond de la grotte .,other,plan,,,,,,1750,,,,,x,other,,,,,Paris,France
le mexique conquis poème baroque .,other,poème,,,,,,1750,,,,,x,other,,,,,Messina,Italy
voilà un quoique que l'on m'avouera être très mal placé et qui fait un raisonnement baroque .,other,raisonnement,,,,,,1750,,,,,x,other,,,,,Paris,France
zinca paraît effrayée et ensuite contrefait un rire baroque .,other,rire,,,,,,1750,,,,,x,other,,,,,Paris,France
et confirme son dire burlesque par un trait encore plus baroque et qui ne sert plus guère que de lieu commun à tous nos faiseurs de contes .,other,trait,,,,,,1750,,,,,x,other,,,,,Paris,France
nous devons même voir la raison pour laquelle la larve fait souvent entrer dans la composition de son fourreau des pièces qui gâtent la symétrie des autres et qui lui donnent une forme désagréable et tout-à-fait baroque .,form,forme,form,,forme,,,1730,,,x,form,,,,,,,Paris,France
les grandes et les petites prennent une forme régulière comme celle d'une petite poire d'une olive d'un globe ou bien une forme anguleuse et baroque selon que le premier peloton de suc durci ou caillé qui a servi de noyau et de base aux couches postérieurement appliquées était lui-même régulier ou irrégulier dans sa figure .,pearl,forme,form,,forme,,,1730,,,x,form,,,,,,,Utrecht,Netherlands
une grande huître extrêmement baroque et presque noire en dehors et en dedans .,form,huître,form,,huître,,,1730,,,x,form,,,,,,,Paris,France
voilà un mot bien baroque .,other,mot,language,,,mot,,1720,,,x,language,,,,,,,Paris,France
termes prétieux que l'on ne prononce point sans pincer les lèvres assortiments monstrueux des grotesques de la néologie et le comportement baroque le métalent ridicule la bouffissure éfarée du jargon à la mode .,other,comportement,,,,,,1730,,,x,other,,,,,,,Amsterdam,Netherlands
la beauté sans manière offre un éclat baroque et l'esprit sans jargon est d'un bourgeois qui choque .,other,éclat,,,,,,1730,,,x,other,,,,,,,Hague,Netherlands
dussiez vous cependant trouver mon idée baroque je ne suis point fait pour dissimuler avec vous .,other,idée,,,,,,1730,,,x,other,,,,,,,Paris,France
et dont l'esprit répond à la mine baroque .,other,mine,,,,,,1730,,,x,other,,,,,,,Paris,France
tympania de pline est une espèce de perle baroque que nos joalliers nomment tambourins elle a la figure d'une tymballe .,pearl,perle,form,,perle,,,1700,x,form,,,,,,,,,Amsterdam,Netherlands
ainsi nous disons perle en pointe ou en poire perle ronde perle ovale perle baroque .,pearl,perle,form,,perle,,,1700,x,form,,,,,,,,,Paris,France
qu'est-ce que borneo au prix de bisnagar et quelle comparaison y a-t-il entre une perle baroque et une perle parfaite .,pearl,perle,form,,perle,,,1710,x,form,,,,,,,,,Hague,Netherlands
une perle baroque et de vilaine eau de quelque poids qu'elle soit ne sauroit valoir la fameuse pèregrine .,pearl,perle,form,,perle,,,1710,x,form,,,,,,,,,Paris,France
le mérite est toujours baroque .,other,mérite,,,,,,1700,x,other,,,,,,,,,Amsterdam,Netherlands
le mérite est toujours baroque .,other,mérite,,,,,,1700,x,other,,,,,,,,,Lyon,France